ISO-10303-21;
HEADER;
/* Generated by software containing ST-Developer
 * from STEP Tools, Inc. (www.steptools.com) 
 */
/* OPTION: strings as raw bytes, not using required /X/ escapes */

FILE_DESCRIPTION(
/* description */ ('Unknown'),
/* implementation_level */ '2;1');

FILE_NAME(
/* name */ 'AP63357DV-7',
/* time_stamp */ '2024-02-21T14:17:04+02:00',
/* author */ ('Unknown'),
/* organization */ ('Unknown'),
/* preprocessor_version */ 'ST-DEVELOPER v18.102',
/* originating_system */ 'Solid Edge',
/* authorisation */ 'Unknown');

FILE_SCHEMA (('AUTOMOTIVE_DESIGN {1 0 10303 214 3 1 1}'));
ENDSEC;

DATA;
#10=PROPERTY_DEFINITION_REPRESENTATION(#14,#12);
#11=PROPERTY_DEFINITION_REPRESENTATION(#15,#13);
#12=REPRESENTATION('',(#16),#3771);
#13=REPRESENTATION('',(#17),#3771);
#14=PROPERTY_DEFINITION('pmi validation property','',#3776);
#15=PROPERTY_DEFINITION('pmi validation property','',#3776);
#16=VALUE_REPRESENTATION_ITEM('number of annotations',COUNT_MEASURE(0.));
#17=VALUE_REPRESENTATION_ITEM('number of views',COUNT_MEASURE(0.));
#18=SHAPE_REPRESENTATION_RELATIONSHIP('','',#2617,#19);
#19=ADVANCED_BREP_SHAPE_REPRESENTATION('',(#2615),#3771);
#20=SPHERICAL_SURFACE('',#2712,0.0500000000000001);
#21=SPHERICAL_SURFACE('',#2723,0.0500000000000001);
#22=SPHERICAL_SURFACE('',#2725,0.0500000000000001);
#23=SPHERICAL_SURFACE('',#2731,0.0500000000000001);
#24=CYLINDRICAL_SURFACE('',#2646,0.152173905996442);
#25=CYLINDRICAL_SURFACE('',#2710,0.0500000000000001);
#26=CYLINDRICAL_SURFACE('',#2715,0.0500000000000001);
#27=CYLINDRICAL_SURFACE('',#2717,0.0500000000000001);
#28=CYLINDRICAL_SURFACE('',#2719,0.0500000000000001);
#29=CYLINDRICAL_SURFACE('',#2721,0.0500000000000001);
#30=CYLINDRICAL_SURFACE('',#2727,0.0500000000000001);
#31=CYLINDRICAL_SURFACE('',#2729,0.0500000000000001);
#32=CYLINDRICAL_SURFACE('',#2733,0.0500000000000001);
#33=CIRCLE('',#2623,0.0500000000000001);
#34=CIRCLE('',#2624,0.0500000000000001);
#35=CIRCLE('',#2625,0.0500000000000001);
#36=CIRCLE('',#2626,0.152173905996442);
#37=CIRCLE('',#2627,0.0500000000000001);
#38=CIRCLE('',#2640,0.152173905996442);
#39=CIRCLE('',#2711,0.0500000000000001);
#40=CIRCLE('',#2713,0.0500000000000001);
#41=CIRCLE('',#2714,0.0500000000000001);
#42=CIRCLE('',#2716,0.0500000000000001);
#43=CIRCLE('',#2718,0.0500000000000001);
#44=CIRCLE('',#2720,0.0500000000000001);
#45=CIRCLE('',#2722,0.0500000000000001);
#46=CIRCLE('',#2724,0.0500000000000001);
#47=CIRCLE('',#2726,0.0500000000000001);
#48=CIRCLE('',#2728,0.0500000000000001);
#49=CIRCLE('',#2730,0.0500000000000001);
#50=CIRCLE('',#2732,0.0500000000000001);
#51=ORIENTED_EDGE('',*,*,#597,.T.);
#52=ORIENTED_EDGE('',*,*,#598,.T.);
#53=ORIENTED_EDGE('',*,*,#599,.T.);
#54=ORIENTED_EDGE('',*,*,#600,.T.);
#55=ORIENTED_EDGE('',*,*,#601,.T.);
#56=ORIENTED_EDGE('',*,*,#602,.F.);
#57=ORIENTED_EDGE('',*,*,#603,.T.);
#58=ORIENTED_EDGE('',*,*,#604,.T.);
#59=ORIENTED_EDGE('',*,*,#605,.T.);
#60=ORIENTED_EDGE('',*,*,#606,.F.);
#61=ORIENTED_EDGE('',*,*,#607,.T.);
#62=ORIENTED_EDGE('',*,*,#608,.T.);
#63=ORIENTED_EDGE('',*,*,#609,.T.);
#64=ORIENTED_EDGE('',*,*,#610,.F.);
#65=ORIENTED_EDGE('',*,*,#611,.T.);
#66=ORIENTED_EDGE('',*,*,#612,.T.);
#67=ORIENTED_EDGE('',*,*,#613,.T.);
#68=ORIENTED_EDGE('',*,*,#614,.F.);
#69=ORIENTED_EDGE('',*,*,#615,.T.);
#70=ORIENTED_EDGE('',*,*,#616,.T.);
#71=ORIENTED_EDGE('',*,*,#617,.T.);
#72=ORIENTED_EDGE('',*,*,#618,.F.);
#73=ORIENTED_EDGE('',*,*,#619,.T.);
#74=ORIENTED_EDGE('',*,*,#620,.T.);
#75=ORIENTED_EDGE('',*,*,#621,.T.);
#76=ORIENTED_EDGE('',*,*,#622,.F.);
#77=ORIENTED_EDGE('',*,*,#623,.T.);
#78=ORIENTED_EDGE('',*,*,#624,.T.);
#79=ORIENTED_EDGE('',*,*,#625,.T.);
#80=ORIENTED_EDGE('',*,*,#626,.T.);
#81=ORIENTED_EDGE('',*,*,#627,.T.);
#82=ORIENTED_EDGE('',*,*,#628,.F.);
#83=ORIENTED_EDGE('',*,*,#629,.T.);
#84=ORIENTED_EDGE('',*,*,#630,.T.);
#85=ORIENTED_EDGE('',*,*,#631,.T.);
#86=ORIENTED_EDGE('',*,*,#632,.T.);
#87=ORIENTED_EDGE('',*,*,#633,.T.);
#88=ORIENTED_EDGE('',*,*,#634,.T.);
#89=ORIENTED_EDGE('',*,*,#635,.T.);
#90=ORIENTED_EDGE('',*,*,#636,.F.);
#91=ORIENTED_EDGE('',*,*,#637,.T.);
#92=ORIENTED_EDGE('',*,*,#638,.T.);
#93=ORIENTED_EDGE('',*,*,#639,.T.);
#94=ORIENTED_EDGE('',*,*,#640,.F.);
#95=ORIENTED_EDGE('',*,*,#641,.T.);
#96=ORIENTED_EDGE('',*,*,#642,.T.);
#97=ORIENTED_EDGE('',*,*,#643,.T.);
#98=ORIENTED_EDGE('',*,*,#644,.F.);
#99=ORIENTED_EDGE('',*,*,#645,.T.);
#100=ORIENTED_EDGE('',*,*,#646,.T.);
#101=ORIENTED_EDGE('',*,*,#647,.T.);
#102=ORIENTED_EDGE('',*,*,#648,.F.);
#103=ORIENTED_EDGE('',*,*,#649,.T.);
#104=ORIENTED_EDGE('',*,*,#650,.T.);
#105=ORIENTED_EDGE('',*,*,#651,.T.);
#106=ORIENTED_EDGE('',*,*,#652,.F.);
#107=ORIENTED_EDGE('',*,*,#653,.T.);
#108=ORIENTED_EDGE('',*,*,#654,.T.);
#109=ORIENTED_EDGE('',*,*,#655,.T.);
#110=ORIENTED_EDGE('',*,*,#656,.F.);
#111=ORIENTED_EDGE('',*,*,#657,.T.);
#112=ORIENTED_EDGE('',*,*,#658,.T.);
#113=ORIENTED_EDGE('',*,*,#659,.T.);
#114=ORIENTED_EDGE('',*,*,#660,.T.);
#115=ORIENTED_EDGE('',*,*,#627,.F.);
#116=ORIENTED_EDGE('',*,*,#661,.T.);
#117=ORIENTED_EDGE('',*,*,#597,.F.);
#118=ORIENTED_EDGE('',*,*,#662,.F.);
#119=ORIENTED_EDGE('',*,*,#663,.F.);
#120=ORIENTED_EDGE('',*,*,#664,.F.);
#121=ORIENTED_EDGE('',*,*,#613,.F.);
#122=ORIENTED_EDGE('',*,*,#665,.F.);
#123=ORIENTED_EDGE('',*,*,#666,.F.);
#124=ORIENTED_EDGE('',*,*,#667,.F.);
#125=ORIENTED_EDGE('',*,*,#609,.F.);
#126=ORIENTED_EDGE('',*,*,#668,.F.);
#127=ORIENTED_EDGE('',*,*,#669,.F.);
#128=ORIENTED_EDGE('',*,*,#670,.F.);
#129=ORIENTED_EDGE('',*,*,#605,.F.);
#130=ORIENTED_EDGE('',*,*,#671,.F.);
#131=ORIENTED_EDGE('',*,*,#672,.F.);
#132=ORIENTED_EDGE('',*,*,#673,.F.);
#133=ORIENTED_EDGE('',*,*,#601,.F.);
#134=ORIENTED_EDGE('',*,*,#674,.T.);
#135=ORIENTED_EDGE('',*,*,#675,.F.);
#136=ORIENTED_EDGE('',*,*,#676,.T.);
#137=ORIENTED_EDGE('',*,*,#659,.F.);
#138=ORIENTED_EDGE('',*,*,#677,.T.);
#139=ORIENTED_EDGE('',*,*,#678,.T.);
#140=ORIENTED_EDGE('',*,*,#679,.T.);
#141=ORIENTED_EDGE('',*,*,#655,.F.);
#142=ORIENTED_EDGE('',*,*,#680,.T.);
#143=ORIENTED_EDGE('',*,*,#681,.T.);
#144=ORIENTED_EDGE('',*,*,#682,.T.);
#145=ORIENTED_EDGE('',*,*,#651,.F.);
#146=ORIENTED_EDGE('',*,*,#683,.T.);
#147=ORIENTED_EDGE('',*,*,#684,.T.);
#148=ORIENTED_EDGE('',*,*,#685,.T.);
#149=ORIENTED_EDGE('',*,*,#647,.F.);
#150=ORIENTED_EDGE('',*,*,#686,.F.);
#151=ORIENTED_EDGE('',*,*,#687,.F.);
#152=ORIENTED_EDGE('',*,*,#688,.F.);
#153=ORIENTED_EDGE('',*,*,#689,.F.);
#154=ORIENTED_EDGE('',*,*,#635,.F.);
#155=ORIENTED_EDGE('',*,*,#690,.T.);
#156=ORIENTED_EDGE('',*,*,#631,.F.);
#157=ORIENTED_EDGE('',*,*,#691,.F.);
#158=ORIENTED_EDGE('',*,*,#692,.F.);
#159=ORIENTED_EDGE('',*,*,#693,.F.);
#160=ORIENTED_EDGE('',*,*,#694,.F.);
#161=ORIENTED_EDGE('',*,*,#695,.F.);
#162=ORIENTED_EDGE('',*,*,#696,.F.);
#163=ORIENTED_EDGE('',*,*,#621,.F.);
#164=ORIENTED_EDGE('',*,*,#697,.F.);
#165=ORIENTED_EDGE('',*,*,#617,.F.);
#166=ORIENTED_EDGE('',*,*,#698,.F.);
#167=ORIENTED_EDGE('',*,*,#699,.F.);
#168=ORIENTED_EDGE('',*,*,#700,.F.);
#169=ORIENTED_EDGE('',*,*,#701,.F.);
#170=ORIENTED_EDGE('',*,*,#702,.F.);
#171=ORIENTED_EDGE('',*,*,#643,.F.);
#172=ORIENTED_EDGE('',*,*,#703,.F.);
#173=ORIENTED_EDGE('',*,*,#639,.F.);
#174=ORIENTED_EDGE('',*,*,#704,.F.);
#175=ORIENTED_EDGE('',*,*,#705,.F.);
#176=ORIENTED_EDGE('',*,*,#675,.T.);
#177=ORIENTED_EDGE('',*,*,#706,.T.);
#178=ORIENTED_EDGE('',*,*,#707,.T.);
#179=ORIENTED_EDGE('',*,*,#708,.T.);
#180=ORIENTED_EDGE('',*,*,#709,.T.);
#181=ORIENTED_EDGE('',*,*,#710,.T.);
#182=ORIENTED_EDGE('',*,*,#711,.T.);
#183=ORIENTED_EDGE('',*,*,#712,.T.);
#184=ORIENTED_EDGE('',*,*,#713,.T.);
#185=ORIENTED_EDGE('',*,*,#714,.T.);
#186=ORIENTED_EDGE('',*,*,#715,.T.);
#187=ORIENTED_EDGE('',*,*,#716,.T.);
#188=ORIENTED_EDGE('',*,*,#717,.T.);
#189=ORIENTED_EDGE('',*,*,#718,.T.);
#190=ORIENTED_EDGE('',*,*,#606,.T.);
#191=ORIENTED_EDGE('',*,*,#670,.T.);
#192=ORIENTED_EDGE('',*,*,#719,.F.);
#193=ORIENTED_EDGE('',*,*,#714,.F.);
#194=ORIENTED_EDGE('',*,*,#669,.T.);
#195=ORIENTED_EDGE('',*,*,#720,.F.);
#196=ORIENTED_EDGE('',*,*,#715,.F.);
#197=ORIENTED_EDGE('',*,*,#719,.T.);
#198=ORIENTED_EDGE('',*,*,#668,.T.);
#199=ORIENTED_EDGE('',*,*,#608,.F.);
#200=ORIENTED_EDGE('',*,*,#721,.T.);
#201=ORIENTED_EDGE('',*,*,#722,.F.);
#202=ORIENTED_EDGE('',*,*,#716,.F.);
#203=ORIENTED_EDGE('',*,*,#720,.T.);
#204=ORIENTED_EDGE('',*,*,#722,.T.);
#205=ORIENTED_EDGE('',*,*,#723,.T.);
#206=ORIENTED_EDGE('',*,*,#717,.F.);
#207=ORIENTED_EDGE('',*,*,#713,.F.);
#208=ORIENTED_EDGE('',*,*,#724,.T.);
#209=ORIENTED_EDGE('',*,*,#725,.T.);
#210=ORIENTED_EDGE('',*,*,#726,.T.);
#211=ORIENTED_EDGE('',*,*,#727,.T.);
#212=ORIENTED_EDGE('',*,*,#728,.T.);
#213=ORIENTED_EDGE('',*,*,#729,.T.);
#214=ORIENTED_EDGE('',*,*,#730,.T.);
#215=ORIENTED_EDGE('',*,*,#731,.T.);
#216=ORIENTED_EDGE('',*,*,#732,.T.);
#217=ORIENTED_EDGE('',*,*,#733,.T.);
#218=ORIENTED_EDGE('',*,*,#734,.T.);
#219=ORIENTED_EDGE('',*,*,#735,.T.);
#220=ORIENTED_EDGE('',*,*,#736,.T.);
#221=ORIENTED_EDGE('',*,*,#737,.T.);
#222=ORIENTED_EDGE('',*,*,#738,.T.);
#223=ORIENTED_EDGE('',*,*,#640,.T.);
#224=ORIENTED_EDGE('',*,*,#703,.T.);
#225=ORIENTED_EDGE('',*,*,#739,.F.);
#226=ORIENTED_EDGE('',*,*,#724,.F.);
#227=ORIENTED_EDGE('',*,*,#705,.T.);
#228=ORIENTED_EDGE('',*,*,#740,.F.);
#229=ORIENTED_EDGE('',*,*,#725,.F.);
#230=ORIENTED_EDGE('',*,*,#739,.T.);
#231=ORIENTED_EDGE('',*,*,#704,.T.);
#232=ORIENTED_EDGE('',*,*,#638,.F.);
#233=ORIENTED_EDGE('',*,*,#741,.T.);
#234=ORIENTED_EDGE('',*,*,#742,.F.);
#235=ORIENTED_EDGE('',*,*,#726,.F.);
#236=ORIENTED_EDGE('',*,*,#740,.T.);
#237=ORIENTED_EDGE('',*,*,#742,.T.);
#238=ORIENTED_EDGE('',*,*,#743,.T.);
#239=ORIENTED_EDGE('',*,*,#744,.F.);
#240=ORIENTED_EDGE('',*,*,#727,.F.);
#241=ORIENTED_EDGE('',*,*,#744,.T.);
#242=ORIENTED_EDGE('',*,*,#745,.T.);
#243=ORIENTED_EDGE('',*,*,#636,.T.);
#244=ORIENTED_EDGE('',*,*,#689,.T.);
#245=ORIENTED_EDGE('',*,*,#746,.F.);
#246=ORIENTED_EDGE('',*,*,#728,.F.);
#247=ORIENTED_EDGE('',*,*,#688,.T.);
#248=ORIENTED_EDGE('',*,*,#747,.F.);
#249=ORIENTED_EDGE('',*,*,#729,.F.);
#250=ORIENTED_EDGE('',*,*,#746,.T.);
#251=ORIENTED_EDGE('',*,*,#687,.T.);
#252=ORIENTED_EDGE('',*,*,#748,.F.);
#253=ORIENTED_EDGE('',*,*,#730,.F.);
#254=ORIENTED_EDGE('',*,*,#747,.T.);
#255=ORIENTED_EDGE('',*,*,#686,.T.);
#256=ORIENTED_EDGE('',*,*,#646,.F.);
#257=ORIENTED_EDGE('',*,*,#749,.T.);
#258=ORIENTED_EDGE('',*,*,#750,.F.);
#259=ORIENTED_EDGE('',*,*,#731,.F.);
#260=ORIENTED_EDGE('',*,*,#748,.T.);
#261=ORIENTED_EDGE('',*,*,#750,.T.);
#262=ORIENTED_EDGE('',*,*,#751,.T.);
#263=ORIENTED_EDGE('',*,*,#752,.F.);
#264=ORIENTED_EDGE('',*,*,#732,.F.);
#265=ORIENTED_EDGE('',*,*,#752,.T.);
#266=ORIENTED_EDGE('',*,*,#753,.T.);
#267=ORIENTED_EDGE('',*,*,#644,.T.);
#268=ORIENTED_EDGE('',*,*,#702,.T.);
#269=ORIENTED_EDGE('',*,*,#754,.F.);
#270=ORIENTED_EDGE('',*,*,#733,.F.);
#271=ORIENTED_EDGE('',*,*,#701,.T.);
#272=ORIENTED_EDGE('',*,*,#755,.F.);
#273=ORIENTED_EDGE('',*,*,#734,.F.);
#274=ORIENTED_EDGE('',*,*,#754,.T.);
#275=ORIENTED_EDGE('',*,*,#700,.T.);
#276=ORIENTED_EDGE('',*,*,#642,.F.);
#277=ORIENTED_EDGE('',*,*,#756,.T.);
#278=ORIENTED_EDGE('',*,*,#757,.F.);
#279=ORIENTED_EDGE('',*,*,#735,.F.);
#280=ORIENTED_EDGE('',*,*,#755,.T.);
#281=ORIENTED_EDGE('',*,*,#757,.T.);
#282=ORIENTED_EDGE('',*,*,#758,.T.);
#283=ORIENTED_EDGE('',*,*,#737,.F.);
#284=ORIENTED_EDGE('',*,*,#736,.F.);
#285=ORIENTED_EDGE('',*,*,#759,.T.);
#286=ORIENTED_EDGE('',*,*,#760,.T.);
#287=ORIENTED_EDGE('',*,*,#761,.T.);
#288=ORIENTED_EDGE('',*,*,#762,.T.);
#289=ORIENTED_EDGE('',*,*,#763,.T.);
#290=ORIENTED_EDGE('',*,*,#764,.T.);
#291=ORIENTED_EDGE('',*,*,#628,.T.);
#292=ORIENTED_EDGE('',*,*,#693,.T.);
#293=ORIENTED_EDGE('',*,*,#765,.F.);
#294=ORIENTED_EDGE('',*,*,#759,.F.);
#295=ORIENTED_EDGE('',*,*,#692,.T.);
#296=ORIENTED_EDGE('',*,*,#766,.F.);
#297=ORIENTED_EDGE('',*,*,#760,.F.);
#298=ORIENTED_EDGE('',*,*,#765,.T.);
#299=ORIENTED_EDGE('',*,*,#691,.T.);
#300=ORIENTED_EDGE('',*,*,#630,.F.);
#301=ORIENTED_EDGE('',*,*,#767,.T.);
#302=ORIENTED_EDGE('',*,*,#768,.F.);
#303=ORIENTED_EDGE('',*,*,#761,.F.);
#304=ORIENTED_EDGE('',*,*,#766,.T.);
#305=ORIENTED_EDGE('',*,*,#768,.T.);
#306=ORIENTED_EDGE('',*,*,#769,.T.);
#307=ORIENTED_EDGE('',*,*,#763,.F.);
#308=ORIENTED_EDGE('',*,*,#762,.F.);
#309=ORIENTED_EDGE('',*,*,#770,.T.);
#310=ORIENTED_EDGE('',*,*,#771,.T.);
#311=ORIENTED_EDGE('',*,*,#772,.T.);
#312=ORIENTED_EDGE('',*,*,#773,.T.);
#313=ORIENTED_EDGE('',*,*,#774,.T.);
#314=ORIENTED_EDGE('',*,*,#775,.T.);
#315=ORIENTED_EDGE('',*,*,#776,.T.);
#316=ORIENTED_EDGE('',*,*,#777,.T.);
#317=ORIENTED_EDGE('',*,*,#778,.T.);
#318=ORIENTED_EDGE('',*,*,#779,.T.);
#319=ORIENTED_EDGE('',*,*,#780,.T.);
#320=ORIENTED_EDGE('',*,*,#781,.T.);
#321=ORIENTED_EDGE('',*,*,#782,.T.);
#322=ORIENTED_EDGE('',*,*,#783,.T.);
#323=ORIENTED_EDGE('',*,*,#618,.T.);
#324=ORIENTED_EDGE('',*,*,#697,.T.);
#325=ORIENTED_EDGE('',*,*,#784,.F.);
#326=ORIENTED_EDGE('',*,*,#770,.F.);
#327=ORIENTED_EDGE('',*,*,#699,.T.);
#328=ORIENTED_EDGE('',*,*,#785,.F.);
#329=ORIENTED_EDGE('',*,*,#771,.F.);
#330=ORIENTED_EDGE('',*,*,#784,.T.);
#331=ORIENTED_EDGE('',*,*,#698,.T.);
#332=ORIENTED_EDGE('',*,*,#616,.F.);
#333=ORIENTED_EDGE('',*,*,#786,.T.);
#334=ORIENTED_EDGE('',*,*,#787,.F.);
#335=ORIENTED_EDGE('',*,*,#772,.F.);
#336=ORIENTED_EDGE('',*,*,#785,.T.);
#337=ORIENTED_EDGE('',*,*,#787,.T.);
#338=ORIENTED_EDGE('',*,*,#788,.T.);
#339=ORIENTED_EDGE('',*,*,#789,.F.);
#340=ORIENTED_EDGE('',*,*,#773,.F.);
#341=ORIENTED_EDGE('',*,*,#789,.T.);
#342=ORIENTED_EDGE('',*,*,#790,.T.);
#343=ORIENTED_EDGE('',*,*,#614,.T.);
#344=ORIENTED_EDGE('',*,*,#664,.T.);
#345=ORIENTED_EDGE('',*,*,#791,.F.);
#346=ORIENTED_EDGE('',*,*,#774,.F.);
#347=ORIENTED_EDGE('',*,*,#663,.T.);
#348=ORIENTED_EDGE('',*,*,#792,.F.);
#349=ORIENTED_EDGE('',*,*,#775,.F.);
#350=ORIENTED_EDGE('',*,*,#791,.T.);
#351=ORIENTED_EDGE('',*,*,#662,.T.);
#352=ORIENTED_EDGE('',*,*,#624,.F.);
#353=ORIENTED_EDGE('',*,*,#793,.T.);
#354=ORIENTED_EDGE('',*,*,#794,.F.);
#355=ORIENTED_EDGE('',*,*,#776,.F.);
#356=ORIENTED_EDGE('',*,*,#792,.T.);
#357=ORIENTED_EDGE('',*,*,#794,.T.);
#358=ORIENTED_EDGE('',*,*,#795,.T.);
#359=ORIENTED_EDGE('',*,*,#796,.F.);
#360=ORIENTED_EDGE('',*,*,#777,.F.);
#361=ORIENTED_EDGE('',*,*,#796,.T.);
#362=ORIENTED_EDGE('',*,*,#797,.T.);
#363=ORIENTED_EDGE('',*,*,#622,.T.);
#364=ORIENTED_EDGE('',*,*,#696,.T.);
#365=ORIENTED_EDGE('',*,*,#798,.F.);
#366=ORIENTED_EDGE('',*,*,#778,.F.);
#367=ORIENTED_EDGE('',*,*,#695,.T.);
#368=ORIENTED_EDGE('',*,*,#799,.F.);
#369=ORIENTED_EDGE('',*,*,#779,.F.);
#370=ORIENTED_EDGE('',*,*,#798,.T.);
#371=ORIENTED_EDGE('',*,*,#694,.T.);
#372=ORIENTED_EDGE('',*,*,#620,.F.);
#373=ORIENTED_EDGE('',*,*,#800,.T.);
#374=ORIENTED_EDGE('',*,*,#801,.F.);
#375=ORIENTED_EDGE('',*,*,#780,.F.);
#376=ORIENTED_EDGE('',*,*,#799,.T.);
#377=ORIENTED_EDGE('',*,*,#801,.T.);
#378=ORIENTED_EDGE('',*,*,#802,.T.);
#379=ORIENTED_EDGE('',*,*,#782,.F.);
#380=ORIENTED_EDGE('',*,*,#781,.F.);
#381=ORIENTED_EDGE('',*,*,#803,.T.);
#382=ORIENTED_EDGE('',*,*,#804,.T.);
#383=ORIENTED_EDGE('',*,*,#805,.T.);
#384=ORIENTED_EDGE('',*,*,#806,.T.);
#385=ORIENTED_EDGE('',*,*,#807,.T.);
#386=ORIENTED_EDGE('',*,*,#808,.T.);
#387=ORIENTED_EDGE('',*,*,#610,.T.);
#388=ORIENTED_EDGE('',*,*,#667,.T.);
#389=ORIENTED_EDGE('',*,*,#809,.F.);
#390=ORIENTED_EDGE('',*,*,#803,.F.);
#391=ORIENTED_EDGE('',*,*,#666,.T.);
#392=ORIENTED_EDGE('',*,*,#810,.F.);
#393=ORIENTED_EDGE('',*,*,#804,.F.);
#394=ORIENTED_EDGE('',*,*,#809,.T.);
#395=ORIENTED_EDGE('',*,*,#665,.T.);
#396=ORIENTED_EDGE('',*,*,#612,.F.);
#397=ORIENTED_EDGE('',*,*,#811,.T.);
#398=ORIENTED_EDGE('',*,*,#812,.F.);
#399=ORIENTED_EDGE('',*,*,#805,.F.);
#400=ORIENTED_EDGE('',*,*,#810,.T.);
#401=ORIENTED_EDGE('',*,*,#812,.T.);
#402=ORIENTED_EDGE('',*,*,#813,.T.);
#403=ORIENTED_EDGE('',*,*,#807,.F.);
#404=ORIENTED_EDGE('',*,*,#806,.F.);
#405=ORIENTED_EDGE('',*,*,#814,.T.);
#406=ORIENTED_EDGE('',*,*,#815,.T.);
#407=ORIENTED_EDGE('',*,*,#816,.T.);
#408=ORIENTED_EDGE('',*,*,#817,.T.);
#409=ORIENTED_EDGE('',*,*,#818,.T.);
#410=ORIENTED_EDGE('',*,*,#819,.T.);
#411=ORIENTED_EDGE('',*,*,#602,.T.);
#412=ORIENTED_EDGE('',*,*,#673,.T.);
#413=ORIENTED_EDGE('',*,*,#820,.F.);
#414=ORIENTED_EDGE('',*,*,#815,.F.);
#415=ORIENTED_EDGE('',*,*,#672,.T.);
#416=ORIENTED_EDGE('',*,*,#821,.F.);
#417=ORIENTED_EDGE('',*,*,#816,.F.);
#418=ORIENTED_EDGE('',*,*,#820,.T.);
#419=ORIENTED_EDGE('',*,*,#671,.T.);
#420=ORIENTED_EDGE('',*,*,#604,.F.);
#421=ORIENTED_EDGE('',*,*,#822,.T.);
#422=ORIENTED_EDGE('',*,*,#823,.F.);
#423=ORIENTED_EDGE('',*,*,#817,.F.);
#424=ORIENTED_EDGE('',*,*,#821,.T.);
#425=ORIENTED_EDGE('',*,*,#823,.T.);
#426=ORIENTED_EDGE('',*,*,#824,.T.);
#427=ORIENTED_EDGE('',*,*,#818,.F.);
#428=ORIENTED_EDGE('',*,*,#814,.F.);
#429=ORIENTED_EDGE('',*,*,#825,.F.);
#430=ORIENTED_EDGE('',*,*,#826,.F.);
#431=ORIENTED_EDGE('',*,*,#827,.F.);
#432=ORIENTED_EDGE('',*,*,#828,.F.);
#433=ORIENTED_EDGE('',*,*,#684,.F.);
#434=ORIENTED_EDGE('',*,*,#829,.F.);
#435=ORIENTED_EDGE('',*,*,#825,.T.);
#436=ORIENTED_EDGE('',*,*,#830,.T.);
#437=ORIENTED_EDGE('',*,*,#685,.F.);
#438=ORIENTED_EDGE('',*,*,#830,.F.);
#439=ORIENTED_EDGE('',*,*,#828,.T.);
#440=ORIENTED_EDGE('',*,*,#831,.T.);
#441=ORIENTED_EDGE('',*,*,#832,.T.);
#442=ORIENTED_EDGE('',*,*,#648,.T.);
#443=ORIENTED_EDGE('',*,*,#833,.T.);
#444=ORIENTED_EDGE('',*,*,#834,.T.);
#445=ORIENTED_EDGE('',*,*,#831,.F.);
#446=ORIENTED_EDGE('',*,*,#827,.T.);
#447=ORIENTED_EDGE('',*,*,#683,.F.);
#448=ORIENTED_EDGE('',*,*,#650,.F.);
#449=ORIENTED_EDGE('',*,*,#835,.T.);
#450=ORIENTED_EDGE('',*,*,#833,.F.);
#451=ORIENTED_EDGE('',*,*,#826,.T.);
#452=ORIENTED_EDGE('',*,*,#829,.T.);
#453=ORIENTED_EDGE('',*,*,#836,.F.);
#454=ORIENTED_EDGE('',*,*,#837,.F.);
#455=ORIENTED_EDGE('',*,*,#838,.F.);
#456=ORIENTED_EDGE('',*,*,#839,.F.);
#457=ORIENTED_EDGE('',*,*,#682,.F.);
#458=ORIENTED_EDGE('',*,*,#840,.F.);
#459=ORIENTED_EDGE('',*,*,#836,.T.);
#460=ORIENTED_EDGE('',*,*,#841,.T.);
#461=ORIENTED_EDGE('',*,*,#842,.T.);
#462=ORIENTED_EDGE('',*,*,#652,.T.);
#463=ORIENTED_EDGE('',*,*,#843,.T.);
#464=ORIENTED_EDGE('',*,*,#844,.T.);
#465=ORIENTED_EDGE('',*,*,#841,.F.);
#466=ORIENTED_EDGE('',*,*,#839,.T.);
#467=ORIENTED_EDGE('',*,*,#680,.F.);
#468=ORIENTED_EDGE('',*,*,#654,.F.);
#469=ORIENTED_EDGE('',*,*,#845,.T.);
#470=ORIENTED_EDGE('',*,*,#843,.F.);
#471=ORIENTED_EDGE('',*,*,#838,.T.);
#472=ORIENTED_EDGE('',*,*,#846,.T.);
#473=ORIENTED_EDGE('',*,*,#681,.F.);
#474=ORIENTED_EDGE('',*,*,#846,.F.);
#475=ORIENTED_EDGE('',*,*,#837,.T.);
#476=ORIENTED_EDGE('',*,*,#840,.T.);
#477=ORIENTED_EDGE('',*,*,#847,.F.);
#478=ORIENTED_EDGE('',*,*,#848,.F.);
#479=ORIENTED_EDGE('',*,*,#849,.F.);
#480=ORIENTED_EDGE('',*,*,#850,.F.);
#481=ORIENTED_EDGE('',*,*,#679,.F.);
#482=ORIENTED_EDGE('',*,*,#851,.F.);
#483=ORIENTED_EDGE('',*,*,#847,.T.);
#484=ORIENTED_EDGE('',*,*,#852,.T.);
#485=ORIENTED_EDGE('',*,*,#853,.T.);
#486=ORIENTED_EDGE('',*,*,#656,.T.);
#487=ORIENTED_EDGE('',*,*,#854,.T.);
#488=ORIENTED_EDGE('',*,*,#855,.T.);
#489=ORIENTED_EDGE('',*,*,#852,.F.);
#490=ORIENTED_EDGE('',*,*,#850,.T.);
#491=ORIENTED_EDGE('',*,*,#677,.F.);
#492=ORIENTED_EDGE('',*,*,#658,.F.);
#493=ORIENTED_EDGE('',*,*,#856,.T.);
#494=ORIENTED_EDGE('',*,*,#854,.F.);
#495=ORIENTED_EDGE('',*,*,#849,.T.);
#496=ORIENTED_EDGE('',*,*,#857,.T.);
#497=ORIENTED_EDGE('',*,*,#678,.F.);
#498=ORIENTED_EDGE('',*,*,#857,.F.);
#499=ORIENTED_EDGE('',*,*,#848,.T.);
#500=ORIENTED_EDGE('',*,*,#851,.T.);
#501=ORIENTED_EDGE('',*,*,#738,.F.);
#502=ORIENTED_EDGE('',*,*,#758,.F.);
#503=ORIENTED_EDGE('',*,*,#756,.F.);
#504=ORIENTED_EDGE('',*,*,#641,.F.);
#505=ORIENTED_EDGE('',*,*,#753,.F.);
#506=ORIENTED_EDGE('',*,*,#751,.F.);
#507=ORIENTED_EDGE('',*,*,#749,.F.);
#508=ORIENTED_EDGE('',*,*,#645,.F.);
#509=ORIENTED_EDGE('',*,*,#842,.F.);
#510=ORIENTED_EDGE('',*,*,#844,.F.);
#511=ORIENTED_EDGE('',*,*,#845,.F.);
#512=ORIENTED_EDGE('',*,*,#653,.F.);
#513=ORIENTED_EDGE('',*,*,#853,.F.);
#514=ORIENTED_EDGE('',*,*,#855,.F.);
#515=ORIENTED_EDGE('',*,*,#856,.F.);
#516=ORIENTED_EDGE('',*,*,#657,.F.);
#517=ORIENTED_EDGE('',*,*,#832,.F.);
#518=ORIENTED_EDGE('',*,*,#834,.F.);
#519=ORIENTED_EDGE('',*,*,#835,.F.);
#520=ORIENTED_EDGE('',*,*,#649,.F.);
#521=ORIENTED_EDGE('',*,*,#745,.F.);
#522=ORIENTED_EDGE('',*,*,#743,.F.);
#523=ORIENTED_EDGE('',*,*,#741,.F.);
#524=ORIENTED_EDGE('',*,*,#637,.F.);
#525=ORIENTED_EDGE('',*,*,#764,.F.);
#526=ORIENTED_EDGE('',*,*,#769,.F.);
#527=ORIENTED_EDGE('',*,*,#767,.F.);
#528=ORIENTED_EDGE('',*,*,#629,.F.);
#529=ORIENTED_EDGE('',*,*,#797,.F.);
#530=ORIENTED_EDGE('',*,*,#795,.F.);
#531=ORIENTED_EDGE('',*,*,#793,.F.);
#532=ORIENTED_EDGE('',*,*,#623,.F.);
#533=ORIENTED_EDGE('',*,*,#783,.F.);
#534=ORIENTED_EDGE('',*,*,#802,.F.);
#535=ORIENTED_EDGE('',*,*,#800,.F.);
#536=ORIENTED_EDGE('',*,*,#619,.F.);
#537=ORIENTED_EDGE('',*,*,#790,.F.);
#538=ORIENTED_EDGE('',*,*,#788,.F.);
#539=ORIENTED_EDGE('',*,*,#786,.F.);
#540=ORIENTED_EDGE('',*,*,#615,.F.);
#541=ORIENTED_EDGE('',*,*,#808,.F.);
#542=ORIENTED_EDGE('',*,*,#813,.F.);
#543=ORIENTED_EDGE('',*,*,#811,.F.);
#544=ORIENTED_EDGE('',*,*,#611,.F.);
#545=ORIENTED_EDGE('',*,*,#718,.F.);
#546=ORIENTED_EDGE('',*,*,#723,.F.);
#547=ORIENTED_EDGE('',*,*,#721,.F.);
#548=ORIENTED_EDGE('',*,*,#607,.F.);
#549=ORIENTED_EDGE('',*,*,#819,.F.);
#550=ORIENTED_EDGE('',*,*,#824,.F.);
#551=ORIENTED_EDGE('',*,*,#822,.F.);
#552=ORIENTED_EDGE('',*,*,#603,.F.);
#553=ORIENTED_EDGE('',*,*,#858,.F.);
#554=ORIENTED_EDGE('',*,*,#660,.F.);
#555=ORIENTED_EDGE('',*,*,#676,.F.);
#556=ORIENTED_EDGE('',*,*,#708,.F.);
#557=ORIENTED_EDGE('',*,*,#859,.F.);
#558=ORIENTED_EDGE('',*,*,#858,.T.);
#559=ORIENTED_EDGE('',*,*,#860,.F.);
#560=ORIENTED_EDGE('',*,*,#674,.F.);
#561=ORIENTED_EDGE('',*,*,#600,.F.);
#562=ORIENTED_EDGE('',*,*,#861,.F.);
#563=ORIENTED_EDGE('',*,*,#706,.F.);
#564=ORIENTED_EDGE('',*,*,#860,.T.);
#565=ORIENTED_EDGE('',*,*,#707,.F.);
#566=ORIENTED_EDGE('',*,*,#862,.F.);
#567=ORIENTED_EDGE('',*,*,#712,.F.);
#568=ORIENTED_EDGE('',*,*,#859,.T.);
#569=ORIENTED_EDGE('',*,*,#711,.F.);
#570=ORIENTED_EDGE('',*,*,#863,.F.);
#571=ORIENTED_EDGE('',*,*,#633,.F.);
#572=ORIENTED_EDGE('',*,*,#690,.F.);
#573=ORIENTED_EDGE('',*,*,#634,.F.);
#574=ORIENTED_EDGE('',*,*,#864,.F.);
#575=ORIENTED_EDGE('',*,*,#632,.F.);
#576=ORIENTED_EDGE('',*,*,#862,.T.);
#577=ORIENTED_EDGE('',*,*,#861,.T.);
#578=ORIENTED_EDGE('',*,*,#865,.F.);
#579=ORIENTED_EDGE('',*,*,#864,.T.);
#580=ORIENTED_EDGE('',*,*,#863,.T.);
#581=ORIENTED_EDGE('',*,*,#866,.F.);
#582=ORIENTED_EDGE('',*,*,#865,.T.);
#583=ORIENTED_EDGE('',*,*,#599,.F.);
#584=ORIENTED_EDGE('',*,*,#867,.F.);
#585=ORIENTED_EDGE('',*,*,#709,.F.);
#586=ORIENTED_EDGE('',*,*,#866,.T.);
#587=ORIENTED_EDGE('',*,*,#710,.F.);
#588=ORIENTED_EDGE('',*,*,#868,.F.);
#589=ORIENTED_EDGE('',*,*,#625,.F.);
#590=ORIENTED_EDGE('',*,*,#868,.T.);
#591=ORIENTED_EDGE('',*,*,#867,.T.);
#592=ORIENTED_EDGE('',*,*,#869,.F.);
#593=ORIENTED_EDGE('',*,*,#869,.T.);
#594=ORIENTED_EDGE('',*,*,#598,.F.);
#595=ORIENTED_EDGE('',*,*,#661,.F.);
#596=ORIENTED_EDGE('',*,*,#626,.F.);
#597=EDGE_CURVE('',#870,#871,#1048,.T.);
#598=EDGE_CURVE('',#871,#872,#1049,.F.);
#599=EDGE_CURVE('',#872,#873,#1050,.F.);
#600=EDGE_CURVE('',#873,#874,#1051,.T.);
#601=EDGE_CURVE('',#874,#875,#1052,.T.);
#602=EDGE_CURVE('',#876,#875,#1053,.T.);
#603=EDGE_CURVE('',#876,#877,#1054,.T.);
#604=EDGE_CURVE('',#877,#878,#1055,.T.);
#605=EDGE_CURVE('',#878,#879,#1056,.T.);
#606=EDGE_CURVE('',#880,#879,#1057,.T.);
#607=EDGE_CURVE('',#880,#881,#1058,.T.);
#608=EDGE_CURVE('',#881,#882,#1059,.T.);
#609=EDGE_CURVE('',#882,#883,#1060,.T.);
#610=EDGE_CURVE('',#884,#883,#1061,.T.);
#611=EDGE_CURVE('',#884,#885,#1062,.T.);
#612=EDGE_CURVE('',#885,#886,#1063,.T.);
#613=EDGE_CURVE('',#886,#887,#1064,.T.);
#614=EDGE_CURVE('',#888,#887,#1065,.T.);
#615=EDGE_CURVE('',#888,#889,#1066,.T.);
#616=EDGE_CURVE('',#889,#890,#1067,.T.);
#617=EDGE_CURVE('',#890,#891,#1068,.T.);
#618=EDGE_CURVE('',#892,#891,#1069,.T.);
#619=EDGE_CURVE('',#892,#893,#1070,.T.);
#620=EDGE_CURVE('',#893,#894,#1071,.T.);
#621=EDGE_CURVE('',#894,#895,#1072,.T.);
#622=EDGE_CURVE('',#896,#895,#1073,.T.);
#623=EDGE_CURVE('',#896,#897,#1074,.T.);
#624=EDGE_CURVE('',#897,#870,#1075,.T.);
#625=EDGE_CURVE('',#898,#899,#1076,.F.);
#626=EDGE_CURVE('',#899,#900,#1077,.T.);
#627=EDGE_CURVE('',#900,#901,#1078,.T.);
#628=EDGE_CURVE('',#902,#901,#1079,.T.);
#629=EDGE_CURVE('',#902,#903,#1080,.T.);
#630=EDGE_CURVE('',#903,#904,#1081,.T.);
#631=EDGE_CURVE('',#904,#905,#1082,.T.);
#632=EDGE_CURVE('',#905,#898,#1083,.F.);
#633=EDGE_CURVE('',#906,#907,#1084,.F.);
#634=EDGE_CURVE('',#907,#908,#1085,.T.);
#635=EDGE_CURVE('',#908,#909,#1086,.T.);
#636=EDGE_CURVE('',#910,#909,#1087,.T.);
#637=EDGE_CURVE('',#910,#911,#1088,.T.);
#638=EDGE_CURVE('',#911,#912,#1089,.T.);
#639=EDGE_CURVE('',#912,#913,#1090,.T.);
#640=EDGE_CURVE('',#914,#913,#1091,.T.);
#641=EDGE_CURVE('',#914,#915,#1092,.T.);
#642=EDGE_CURVE('',#915,#916,#1093,.T.);
#643=EDGE_CURVE('',#916,#917,#1094,.T.);
#644=EDGE_CURVE('',#918,#917,#1095,.T.);
#645=EDGE_CURVE('',#918,#919,#1096,.T.);
#646=EDGE_CURVE('',#919,#920,#1097,.T.);
#647=EDGE_CURVE('',#920,#921,#1098,.T.);
#648=EDGE_CURVE('',#922,#921,#1099,.T.);
#649=EDGE_CURVE('',#922,#923,#1100,.T.);
#650=EDGE_CURVE('',#923,#924,#1101,.T.);
#651=EDGE_CURVE('',#924,#925,#1102,.T.);
#652=EDGE_CURVE('',#926,#925,#1103,.T.);
#653=EDGE_CURVE('',#926,#927,#1104,.T.);
#654=EDGE_CURVE('',#927,#928,#1105,.T.);
#655=EDGE_CURVE('',#928,#929,#1106,.T.);
#656=EDGE_CURVE('',#930,#929,#1107,.T.);
#657=EDGE_CURVE('',#930,#931,#1108,.T.);
#658=EDGE_CURVE('',#931,#932,#1109,.T.);
#659=EDGE_CURVE('',#932,#933,#1110,.T.);
#660=EDGE_CURVE('',#933,#906,#1111,.F.);
#661=EDGE_CURVE('',#900,#871,#33,.F.);
#662=EDGE_CURVE('',#934,#870,#1112,.T.);
#663=EDGE_CURVE('',#935,#934,#1113,.T.);
#664=EDGE_CURVE('',#887,#935,#1114,.T.);
#665=EDGE_CURVE('',#936,#886,#1115,.T.);
#666=EDGE_CURVE('',#937,#936,#1116,.T.);
#667=EDGE_CURVE('',#883,#937,#1117,.T.);
#668=EDGE_CURVE('',#938,#882,#1118,.T.);
#669=EDGE_CURVE('',#939,#938,#1119,.T.);
#670=EDGE_CURVE('',#879,#939,#1120,.T.);
#671=EDGE_CURVE('',#940,#878,#1121,.T.);
#672=EDGE_CURVE('',#941,#940,#1122,.T.);
#673=EDGE_CURVE('',#875,#941,#1123,.T.);
#674=EDGE_CURVE('',#874,#942,#34,.F.);
#675=EDGE_CURVE('',#943,#942,#1124,.T.);
#676=EDGE_CURVE('',#943,#933,#35,.F.);
#677=EDGE_CURVE('',#932,#944,#1125,.T.);
#678=EDGE_CURVE('',#944,#945,#1126,.T.);
#679=EDGE_CURVE('',#945,#929,#1127,.T.);
#680=EDGE_CURVE('',#928,#946,#1128,.T.);
#681=EDGE_CURVE('',#946,#947,#1129,.T.);
#682=EDGE_CURVE('',#947,#925,#1130,.T.);
#683=EDGE_CURVE('',#924,#948,#1131,.T.);
#684=EDGE_CURVE('',#948,#949,#1132,.T.);
#685=EDGE_CURVE('',#949,#921,#1133,.T.);
#686=EDGE_CURVE('',#950,#920,#1134,.T.);
#687=EDGE_CURVE('',#951,#950,#1135,.T.);
#688=EDGE_CURVE('',#952,#951,#36,.T.);
#689=EDGE_CURVE('',#909,#952,#1136,.T.);
#690=EDGE_CURVE('',#908,#905,#37,.F.);
#691=EDGE_CURVE('',#953,#904,#1137,.T.);
#692=EDGE_CURVE('',#954,#953,#1138,.T.);
#693=EDGE_CURVE('',#901,#954,#1139,.T.);
#694=EDGE_CURVE('',#955,#894,#1140,.T.);
#695=EDGE_CURVE('',#956,#955,#1141,.T.);
#696=EDGE_CURVE('',#895,#956,#1142,.T.);
#697=EDGE_CURVE('',#891,#957,#1143,.T.);
#698=EDGE_CURVE('',#958,#890,#1144,.T.);
#699=EDGE_CURVE('',#957,#958,#1145,.T.);
#700=EDGE_CURVE('',#959,#916,#1146,.T.);
#701=EDGE_CURVE('',#960,#959,#1147,.T.);
#702=EDGE_CURVE('',#917,#960,#1148,.T.);
#703=EDGE_CURVE('',#913,#961,#1149,.T.);
#704=EDGE_CURVE('',#962,#912,#1150,.T.);
#705=EDGE_CURVE('',#961,#962,#1151,.T.);
#706=EDGE_CURVE('',#942,#963,#1152,.F.);
#707=EDGE_CURVE('',#963,#964,#1153,.F.);
#708=EDGE_CURVE('',#964,#943,#1154,.T.);
#709=EDGE_CURVE('',#965,#966,#1155,.T.);
#710=EDGE_CURVE('',#966,#967,#1156,.T.);
#711=EDGE_CURVE('',#967,#968,#1157,.T.);
#712=EDGE_CURVE('',#968,#965,#1158,.T.);
#713=EDGE_CURVE('',#969,#970,#1159,.T.);
#714=EDGE_CURVE('',#970,#971,#1160,.T.);
#715=EDGE_CURVE('',#971,#972,#1161,.T.);
#716=EDGE_CURVE('',#972,#969,#1162,.T.);
#717=EDGE_CURVE('',#970,#973,#1163,.T.);
#718=EDGE_CURVE('',#973,#880,#1164,.T.);
#719=EDGE_CURVE('',#971,#939,#1165,.T.);
#720=EDGE_CURVE('',#972,#938,#1166,.T.);
#721=EDGE_CURVE('',#881,#974,#1167,.T.);
#722=EDGE_CURVE('',#969,#974,#1168,.T.);
#723=EDGE_CURVE('',#974,#973,#1169,.T.);
#724=EDGE_CURVE('',#975,#976,#1170,.T.);
#725=EDGE_CURVE('',#976,#977,#1171,.T.);
#726=EDGE_CURVE('',#977,#978,#1172,.T.);
#727=EDGE_CURVE('',#978,#979,#1173,.T.);
#728=EDGE_CURVE('',#979,#980,#1174,.T.);
#729=EDGE_CURVE('',#980,#981,#38,.T.);
#730=EDGE_CURVE('',#981,#982,#1175,.T.);
#731=EDGE_CURVE('',#982,#983,#1176,.T.);
#732=EDGE_CURVE('',#983,#984,#1177,.T.);
#733=EDGE_CURVE('',#984,#985,#1178,.T.);
#734=EDGE_CURVE('',#985,#986,#1179,.T.);
#735=EDGE_CURVE('',#986,#987,#1180,.T.);
#736=EDGE_CURVE('',#987,#975,#1181,.T.);
#737=EDGE_CURVE('',#975,#988,#1182,.T.);
#738=EDGE_CURVE('',#988,#914,#1183,.T.);
#739=EDGE_CURVE('',#976,#961,#1184,.T.);
#740=EDGE_CURVE('',#977,#962,#1185,.T.);
#741=EDGE_CURVE('',#911,#989,#1186,.T.);
#742=EDGE_CURVE('',#978,#989,#1187,.T.);
#743=EDGE_CURVE('',#989,#990,#1188,.T.);
#744=EDGE_CURVE('',#979,#990,#1189,.T.);
#745=EDGE_CURVE('',#990,#910,#1190,.T.);
#746=EDGE_CURVE('',#980,#952,#1191,.T.);
#747=EDGE_CURVE('',#981,#951,#1192,.T.);
#748=EDGE_CURVE('',#982,#950,#1193,.T.);
#749=EDGE_CURVE('',#919,#991,#1194,.T.);
#750=EDGE_CURVE('',#983,#991,#1195,.T.);
#751=EDGE_CURVE('',#991,#992,#1196,.T.);
#752=EDGE_CURVE('',#984,#992,#1197,.T.);
#753=EDGE_CURVE('',#992,#918,#1198,.T.);
#754=EDGE_CURVE('',#985,#960,#1199,.T.);
#755=EDGE_CURVE('',#986,#959,#1200,.T.);
#756=EDGE_CURVE('',#915,#993,#1201,.T.);
#757=EDGE_CURVE('',#987,#993,#1202,.T.);
#758=EDGE_CURVE('',#993,#988,#1203,.T.);
#759=EDGE_CURVE('',#994,#995,#1204,.T.);
#760=EDGE_CURVE('',#995,#996,#1205,.T.);
#761=EDGE_CURVE('',#996,#997,#1206,.T.);
#762=EDGE_CURVE('',#997,#994,#1207,.T.);
#763=EDGE_CURVE('',#994,#998,#1208,.T.);
#764=EDGE_CURVE('',#998,#902,#1209,.T.);
#765=EDGE_CURVE('',#995,#954,#1210,.T.);
#766=EDGE_CURVE('',#996,#953,#1211,.T.);
#767=EDGE_CURVE('',#903,#999,#1212,.T.);
#768=EDGE_CURVE('',#997,#999,#1213,.T.);
#769=EDGE_CURVE('',#999,#998,#1214,.T.);
#770=EDGE_CURVE('',#1000,#1001,#1215,.T.);
#771=EDGE_CURVE('',#1001,#1002,#1216,.T.);
#772=EDGE_CURVE('',#1002,#1003,#1217,.T.);
#773=EDGE_CURVE('',#1003,#1004,#1218,.T.);
#774=EDGE_CURVE('',#1004,#1005,#1219,.T.);
#775=EDGE_CURVE('',#1005,#1006,#1220,.T.);
#776=EDGE_CURVE('',#1006,#1007,#1221,.T.);
#777=EDGE_CURVE('',#1007,#1008,#1222,.T.);
#778=EDGE_CURVE('',#1008,#1009,#1223,.T.);
#779=EDGE_CURVE('',#1009,#1010,#1224,.T.);
#780=EDGE_CURVE('',#1010,#1011,#1225,.T.);
#781=EDGE_CURVE('',#1011,#1000,#1226,.T.);
#782=EDGE_CURVE('',#1000,#1012,#1227,.T.);
#783=EDGE_CURVE('',#1012,#892,#1228,.T.);
#784=EDGE_CURVE('',#1001,#957,#1229,.T.);
#785=EDGE_CURVE('',#1002,#958,#1230,.T.);
#786=EDGE_CURVE('',#889,#1013,#1231,.T.);
#787=EDGE_CURVE('',#1003,#1013,#1232,.T.);
#788=EDGE_CURVE('',#1013,#1014,#1233,.T.);
#789=EDGE_CURVE('',#1004,#1014,#1234,.T.);
#790=EDGE_CURVE('',#1014,#888,#1235,.T.);
#791=EDGE_CURVE('',#1005,#935,#1236,.T.);
#792=EDGE_CURVE('',#1006,#934,#1237,.T.);
#793=EDGE_CURVE('',#897,#1015,#1238,.T.);
#794=EDGE_CURVE('',#1007,#1015,#1239,.T.);
#795=EDGE_CURVE('',#1015,#1016,#1240,.T.);
#796=EDGE_CURVE('',#1008,#1016,#1241,.T.);
#797=EDGE_CURVE('',#1016,#896,#1242,.T.);
#798=EDGE_CURVE('',#1009,#956,#1243,.T.);
#799=EDGE_CURVE('',#1010,#955,#1244,.T.);
#800=EDGE_CURVE('',#893,#1017,#1245,.T.);
#801=EDGE_CURVE('',#1011,#1017,#1246,.T.);
#802=EDGE_CURVE('',#1017,#1012,#1247,.T.);
#803=EDGE_CURVE('',#1018,#1019,#1248,.T.);
#804=EDGE_CURVE('',#1019,#1020,#1249,.T.);
#805=EDGE_CURVE('',#1020,#1021,#1250,.T.);
#806=EDGE_CURVE('',#1021,#1018,#1251,.T.);
#807=EDGE_CURVE('',#1018,#1022,#1252,.T.);
#808=EDGE_CURVE('',#1022,#884,#1253,.T.);
#809=EDGE_CURVE('',#1019,#937,#1254,.T.);
#810=EDGE_CURVE('',#1020,#936,#1255,.T.);
#811=EDGE_CURVE('',#885,#1023,#1256,.T.);
#812=EDGE_CURVE('',#1021,#1023,#1257,.T.);
#813=EDGE_CURVE('',#1023,#1022,#1258,.T.);
#814=EDGE_CURVE('',#1024,#1025,#1259,.T.);
#815=EDGE_CURVE('',#1025,#1026,#1260,.T.);
#816=EDGE_CURVE('',#1026,#1027,#1261,.T.);
#817=EDGE_CURVE('',#1027,#1024,#1262,.T.);
#818=EDGE_CURVE('',#1025,#1028,#1263,.T.);
#819=EDGE_CURVE('',#1028,#876,#1264,.T.);
#820=EDGE_CURVE('',#1026,#941,#1265,.T.);
#821=EDGE_CURVE('',#1027,#940,#1266,.T.);
#822=EDGE_CURVE('',#877,#1029,#1267,.T.);
#823=EDGE_CURVE('',#1024,#1029,#1268,.T.);
#824=EDGE_CURVE('',#1029,#1028,#1269,.T.);
#825=EDGE_CURVE('',#1030,#1031,#1270,.T.);
#826=EDGE_CURVE('',#1032,#1030,#1271,.T.);
#827=EDGE_CURVE('',#1033,#1032,#1272,.T.);
#828=EDGE_CURVE('',#1031,#1033,#1273,.T.);
#829=EDGE_CURVE('',#1030,#948,#1274,.T.);
#830=EDGE_CURVE('',#1031,#949,#1275,.T.);
#831=EDGE_CURVE('',#1033,#1034,#1276,.T.);
#832=EDGE_CURVE('',#1034,#922,#1277,.T.);
#833=EDGE_CURVE('',#1032,#1035,#1278,.T.);
#834=EDGE_CURVE('',#1035,#1034,#1279,.T.);
#835=EDGE_CURVE('',#923,#1035,#1280,.T.);
#836=EDGE_CURVE('',#1036,#1037,#1281,.T.);
#837=EDGE_CURVE('',#1038,#1036,#1282,.T.);
#838=EDGE_CURVE('',#1039,#1038,#1283,.T.);
#839=EDGE_CURVE('',#1037,#1039,#1284,.T.);
#840=EDGE_CURVE('',#1036,#947,#1285,.T.);
#841=EDGE_CURVE('',#1037,#1040,#1286,.T.);
#842=EDGE_CURVE('',#1040,#926,#1287,.T.);
#843=EDGE_CURVE('',#1039,#1041,#1288,.T.);
#844=EDGE_CURVE('',#1041,#1040,#1289,.T.);
#845=EDGE_CURVE('',#927,#1041,#1290,.T.);
#846=EDGE_CURVE('',#1038,#946,#1291,.T.);
#847=EDGE_CURVE('',#1042,#1043,#1292,.T.);
#848=EDGE_CURVE('',#1044,#1042,#1293,.T.);
#849=EDGE_CURVE('',#1045,#1044,#1294,.T.);
#850=EDGE_CURVE('',#1043,#1045,#1295,.T.);
#851=EDGE_CURVE('',#1042,#945,#1296,.T.);
#852=EDGE_CURVE('',#1043,#1046,#1297,.T.);
#853=EDGE_CURVE('',#1046,#930,#1298,.T.);
#854=EDGE_CURVE('',#1045,#1047,#1299,.T.);
#855=EDGE_CURVE('',#1047,#1046,#1300,.T.);
#856=EDGE_CURVE('',#931,#1047,#1301,.T.);
#857=EDGE_CURVE('',#1044,#944,#1302,.T.);
#858=EDGE_CURVE('',#906,#964,#39,.T.);
#859=EDGE_CURVE('',#906,#968,#40,.F.);
#860=EDGE_CURVE('',#968,#964,#41,.F.);
#861=EDGE_CURVE('',#963,#873,#42,.T.);
#862=EDGE_CURVE('',#965,#963,#43,.T.);
#863=EDGE_CURVE('',#907,#967,#44,.T.);
#864=EDGE_CURVE('',#898,#907,#45,.T.);
#865=EDGE_CURVE('',#965,#873,#46,.F.);
#866=EDGE_CURVE('',#898,#967,#47,.F.);
#867=EDGE_CURVE('',#966,#872,#48,.T.);
#868=EDGE_CURVE('',#899,#966,#49,.T.);
#869=EDGE_CURVE('',#899,#872,#50,.F.);
#870=VERTEX_POINT('',#3224);
#871=VERTEX_POINT('',#3225);
#872=VERTEX_POINT('',#3227);
#873=VERTEX_POINT('',#3229);
#874=VERTEX_POINT('',#3231);
#875=VERTEX_POINT('',#3233);
#876=VERTEX_POINT('',#3235);
#877=VERTEX_POINT('',#3237);
#878=VERTEX_POINT('',#3239);
#879=VERTEX_POINT('',#3241);
#880=VERTEX_POINT('',#3243);
#881=VERTEX_POINT('',#3245);
#882=VERTEX_POINT('',#3247);
#883=VERTEX_POINT('',#3249);
#884=VERTEX_POINT('',#3251);
#885=VERTEX_POINT('',#3253);
#886=VERTEX_POINT('',#3255);
#887=VERTEX_POINT('',#3257);
#888=VERTEX_POINT('',#3259);
#889=VERTEX_POINT('',#3261);
#890=VERTEX_POINT('',#3263);
#891=VERTEX_POINT('',#3265);
#892=VERTEX_POINT('',#3267);
#893=VERTEX_POINT('',#3269);
#894=VERTEX_POINT('',#3271);
#895=VERTEX_POINT('',#3273);
#896=VERTEX_POINT('',#3275);
#897=VERTEX_POINT('',#3277);
#898=VERTEX_POINT('',#3281);
#899=VERTEX_POINT('',#3282);
#900=VERTEX_POINT('',#3284);
#901=VERTEX_POINT('',#3286);
#902=VERTEX_POINT('',#3288);
#903=VERTEX_POINT('',#3290);
#904=VERTEX_POINT('',#3292);
#905=VERTEX_POINT('',#3294);
#906=VERTEX_POINT('',#3298);
#907=VERTEX_POINT('',#3299);
#908=VERTEX_POINT('',#3301);
#909=VERTEX_POINT('',#3303);
#910=VERTEX_POINT('',#3305);
#911=VERTEX_POINT('',#3307);
#912=VERTEX_POINT('',#3309);
#913=VERTEX_POINT('',#3311);
#914=VERTEX_POINT('',#3313);
#915=VERTEX_POINT('',#3315);
#916=VERTEX_POINT('',#3317);
#917=VERTEX_POINT('',#3319);
#918=VERTEX_POINT('',#3321);
#919=VERTEX_POINT('',#3323);
#920=VERTEX_POINT('',#3325);
#921=VERTEX_POINT('',#3327);
#922=VERTEX_POINT('',#3329);
#923=VERTEX_POINT('',#3331);
#924=VERTEX_POINT('',#3333);
#925=VERTEX_POINT('',#3335);
#926=VERTEX_POINT('',#3337);
#927=VERTEX_POINT('',#3339);
#928=VERTEX_POINT('',#3341);
#929=VERTEX_POINT('',#3343);
#930=VERTEX_POINT('',#3345);
#931=VERTEX_POINT('',#3347);
#932=VERTEX_POINT('',#3349);
#933=VERTEX_POINT('',#3351);
#934=VERTEX_POINT('',#3356);
#935=VERTEX_POINT('',#3358);
#936=VERTEX_POINT('',#3361);
#937=VERTEX_POINT('',#3363);
#938=VERTEX_POINT('',#3366);
#939=VERTEX_POINT('',#3368);
#940=VERTEX_POINT('',#3371);
#941=VERTEX_POINT('',#3373);
#942=VERTEX_POINT('',#3376);
#943=VERTEX_POINT('',#3378);
#944=VERTEX_POINT('',#3381);
#945=VERTEX_POINT('',#3383);
#946=VERTEX_POINT('',#3386);
#947=VERTEX_POINT('',#3388);
#948=VERTEX_POINT('',#3391);
#949=VERTEX_POINT('',#3393);
#950=VERTEX_POINT('',#3396);
#951=VERTEX_POINT('',#3398);
#952=VERTEX_POINT('',#3400);
#953=VERTEX_POINT('',#3404);
#954=VERTEX_POINT('',#3406);
#955=VERTEX_POINT('',#3410);
#956=VERTEX_POINT('',#3412);
#957=VERTEX_POINT('',#3416);
#958=VERTEX_POINT('',#3418);
#959=VERTEX_POINT('',#3422);
#960=VERTEX_POINT('',#3424);
#961=VERTEX_POINT('',#3428);
#962=VERTEX_POINT('',#3430);
#963=VERTEX_POINT('',#3434);
#964=VERTEX_POINT('',#3436);
#965=VERTEX_POINT('',#3440);
#966=VERTEX_POINT('',#3441);
#967=VERTEX_POINT('',#3443);
#968=VERTEX_POINT('',#3445);
#969=VERTEX_POINT('',#3449);
#970=VERTEX_POINT('',#3450);
#971=VERTEX_POINT('',#3452);
#972=VERTEX_POINT('',#3454);
#973=VERTEX_POINT('',#3458);
#974=VERTEX_POINT('',#3465);
#975=VERTEX_POINT('',#3471);
#976=VERTEX_POINT('',#3472);
#977=VERTEX_POINT('',#3474);
#978=VERTEX_POINT('',#3476);
#979=VERTEX_POINT('',#3478);
#980=VERTEX_POINT('',#3480);
#981=VERTEX_POINT('',#3482);
#982=VERTEX_POINT('',#3484);
#983=VERTEX_POINT('',#3486);
#984=VERTEX_POINT('',#3488);
#985=VERTEX_POINT('',#3490);
#986=VERTEX_POINT('',#3492);
#987=VERTEX_POINT('',#3494);
#988=VERTEX_POINT('',#3498);
#989=VERTEX_POINT('',#3505);
#990=VERTEX_POINT('',#3509);
#991=VERTEX_POINT('',#3520);
#992=VERTEX_POINT('',#3524);
#993=VERTEX_POINT('',#3533);
#994=VERTEX_POINT('',#3539);
#995=VERTEX_POINT('',#3540);
#996=VERTEX_POINT('',#3542);
#997=VERTEX_POINT('',#3544);
#998=VERTEX_POINT('',#3548);
#999=VERTEX_POINT('',#3555);
#1000=VERTEX_POINT('',#3561);
#1001=VERTEX_POINT('',#3562);
#1002=VERTEX_POINT('',#3564);
#1003=VERTEX_POINT('',#3566);
#1004=VERTEX_POINT('',#3568);
#1005=VERTEX_POINT('',#3570);
#1006=VERTEX_POINT('',#3572);
#1007=VERTEX_POINT('',#3574);
#1008=VERTEX_POINT('',#3576);
#1009=VERTEX_POINT('',#3578);
#1010=VERTEX_POINT('',#3580);
#1011=VERTEX_POINT('',#3582);
#1012=VERTEX_POINT('',#3586);
#1013=VERTEX_POINT('',#3593);
#1014=VERTEX_POINT('',#3597);
#1015=VERTEX_POINT('',#3606);
#1016=VERTEX_POINT('',#3610);
#1017=VERTEX_POINT('',#3619);
#1018=VERTEX_POINT('',#3625);
#1019=VERTEX_POINT('',#3626);
#1020=VERTEX_POINT('',#3628);
#1021=VERTEX_POINT('',#3630);
#1022=VERTEX_POINT('',#3634);
#1023=VERTEX_POINT('',#3641);
#1024=VERTEX_POINT('',#3647);
#1025=VERTEX_POINT('',#3648);
#1026=VERTEX_POINT('',#3650);
#1027=VERTEX_POINT('',#3652);
#1028=VERTEX_POINT('',#3656);
#1029=VERTEX_POINT('',#3663);
#1030=VERTEX_POINT('',#3669);
#1031=VERTEX_POINT('',#3670);
#1032=VERTEX_POINT('',#3672);
#1033=VERTEX_POINT('',#3674);
#1034=VERTEX_POINT('',#3681);
#1035=VERTEX_POINT('',#3685);
#1036=VERTEX_POINT('',#3691);
#1037=VERTEX_POINT('',#3692);
#1038=VERTEX_POINT('',#3694);
#1039=VERTEX_POINT('',#3696);
#1040=VERTEX_POINT('',#3701);
#1041=VERTEX_POINT('',#3705);
#1042=VERTEX_POINT('',#3713);
#1043=VERTEX_POINT('',#3714);
#1044=VERTEX_POINT('',#3716);
#1045=VERTEX_POINT('',#3718);
#1046=VERTEX_POINT('',#3723);
#1047=VERTEX_POINT('',#3727);
#1048=LINE('',#3223,#1303);
#1049=LINE('',#3226,#1304);
#1050=LINE('',#3228,#1305);
#1051=LINE('',#3230,#1306);
#1052=LINE('',#3232,#1307);
#1053=LINE('',#3234,#1308);
#1054=LINE('',#3236,#1309);
#1055=LINE('',#3238,#1310);
#1056=LINE('',#3240,#1311);
#1057=LINE('',#3242,#1312);
#1058=LINE('',#3244,#1313);
#1059=LINE('',#3246,#1314);
#1060=LINE('',#3248,#1315);
#1061=LINE('',#3250,#1316);
#1062=LINE('',#3252,#1317);
#1063=LINE('',#3254,#1318);
#1064=LINE('',#3256,#1319);
#1065=LINE('',#3258,#1320);
#1066=LINE('',#3260,#1321);
#1067=LINE('',#3262,#1322);
#1068=LINE('',#3264,#1323);
#1069=LINE('',#3266,#1324);
#1070=LINE('',#3268,#1325);
#1071=LINE('',#3270,#1326);
#1072=LINE('',#3272,#1327);
#1073=LINE('',#3274,#1328);
#1074=LINE('',#3276,#1329);
#1075=LINE('',#3278,#1330);
#1076=LINE('',#3280,#1331);
#1077=LINE('',#3283,#1332);
#1078=LINE('',#3285,#1333);
#1079=LINE('',#3287,#1334);
#1080=LINE('',#3289,#1335);
#1081=LINE('',#3291,#1336);
#1082=LINE('',#3293,#1337);
#1083=LINE('',#3295,#1338);
#1084=LINE('',#3297,#1339);
#1085=LINE('',#3300,#1340);
#1086=LINE('',#3302,#1341);
#1087=LINE('',#3304,#1342);
#1088=LINE('',#3306,#1343);
#1089=LINE('',#3308,#1344);
#1090=LINE('',#3310,#1345);
#1091=LINE('',#3312,#1346);
#1092=LINE('',#3314,#1347);
#1093=LINE('',#3316,#1348);
#1094=LINE('',#3318,#1349);
#1095=LINE('',#3320,#1350);
#1096=LINE('',#3322,#1351);
#1097=LINE('',#3324,#1352);
#1098=LINE('',#3326,#1353);
#1099=LINE('',#3328,#1354);
#1100=LINE('',#3330,#1355);
#1101=LINE('',#3332,#1356);
#1102=LINE('',#3334,#1357);
#1103=LINE('',#3336,#1358);
#1104=LINE('',#3338,#1359);
#1105=LINE('',#3340,#1360);
#1106=LINE('',#3342,#1361);
#1107=LINE('',#3344,#1362);
#1108=LINE('',#3346,#1363);
#1109=LINE('',#3348,#1364);
#1110=LINE('',#3350,#1365);
#1111=LINE('',#3352,#1366);
#1112=LINE('',#3355,#1367);
#1113=LINE('',#3357,#1368);
#1114=LINE('',#3359,#1369);
#1115=LINE('',#3360,#1370);
#1116=LINE('',#3362,#1371);
#1117=LINE('',#3364,#1372);
#1118=LINE('',#3365,#1373);
#1119=LINE('',#3367,#1374);
#1120=LINE('',#3369,#1375);
#1121=LINE('',#3370,#1376);
#1122=LINE('',#3372,#1377);
#1123=LINE('',#3374,#1378);
#1124=LINE('',#3377,#1379);
#1125=LINE('',#3380,#1380);
#1126=LINE('',#3382,#1381);
#1127=LINE('',#3384,#1382);
#1128=LINE('',#3385,#1383);
#1129=LINE('',#3387,#1384);
#1130=LINE('',#3389,#1385);
#1131=LINE('',#3390,#1386);
#1132=LINE('',#3392,#1387);
#1133=LINE('',#3394,#1388);
#1134=LINE('',#3395,#1389);
#1135=LINE('',#3397,#1390);
#1136=LINE('',#3401,#1391);
#1137=LINE('',#3403,#1392);
#1138=LINE('',#3405,#1393);
#1139=LINE('',#3407,#1394);
#1140=LINE('',#3409,#1395);
#1141=LINE('',#3411,#1396);
#1142=LINE('',#3413,#1397);
#1143=LINE('',#3415,#1398);
#1144=LINE('',#3417,#1399);
#1145=LINE('',#3419,#1400);
#1146=LINE('',#3421,#1401);
#1147=LINE('',#3423,#1402);
#1148=LINE('',#3425,#1403);
#1149=LINE('',#3427,#1404);
#1150=LINE('',#3429,#1405);
#1151=LINE('',#3431,#1406);
#1152=LINE('',#3433,#1407);
#1153=LINE('',#3435,#1408);
#1154=LINE('',#3437,#1409);
#1155=LINE('',#3439,#1410);
#1156=LINE('',#3442,#1411);
#1157=LINE('',#3444,#1412);
#1158=LINE('',#3446,#1413);
#1159=LINE('',#3448,#1414);
#1160=LINE('',#3451,#1415);
#1161=LINE('',#3453,#1416);
#1162=LINE('',#3455,#1417);
#1163=LINE('',#3457,#1418);
#1164=LINE('',#3459,#1419);
#1165=LINE('',#3460,#1420);
#1166=LINE('',#3462,#1421);
#1167=LINE('',#3464,#1422);
#1168=LINE('',#3466,#1423);
#1169=LINE('',#3468,#1424);
#1170=LINE('',#3470,#1425);
#1171=LINE('',#3473,#1426);
#1172=LINE('',#3475,#1427);
#1173=LINE('',#3477,#1428);
#1174=LINE('',#3479,#1429);
#1175=LINE('',#3483,#1430);
#1176=LINE('',#3485,#1431);
#1177=LINE('',#3487,#1432);
#1178=LINE('',#3489,#1433);
#1179=LINE('',#3491,#1434);
#1180=LINE('',#3493,#1435);
#1181=LINE('',#3495,#1436);
#1182=LINE('',#3497,#1437);
#1183=LINE('',#3499,#1438);
#1184=LINE('',#3500,#1439);
#1185=LINE('',#3502,#1440);
#1186=LINE('',#3504,#1441);
#1187=LINE('',#3506,#1442);
#1188=LINE('',#3508,#1443);
#1189=LINE('',#3510,#1444);
#1190=LINE('',#3512,#1445);
#1191=LINE('',#3513,#1446);
#1192=LINE('',#3515,#1447);
#1193=LINE('',#3517,#1448);
#1194=LINE('',#3519,#1449);
#1195=LINE('',#3521,#1450);
#1196=LINE('',#3523,#1451);
#1197=LINE('',#3525,#1452);
#1198=LINE('',#3527,#1453);
#1199=LINE('',#3528,#1454);
#1200=LINE('',#3530,#1455);
#1201=LINE('',#3532,#1456);
#1202=LINE('',#3534,#1457);
#1203=LINE('',#3536,#1458);
#1204=LINE('',#3538,#1459);
#1205=LINE('',#3541,#1460);
#1206=LINE('',#3543,#1461);
#1207=LINE('',#3545,#1462);
#1208=LINE('',#3547,#1463);
#1209=LINE('',#3549,#1464);
#1210=LINE('',#3550,#1465);
#1211=LINE('',#3552,#1466);
#1212=LINE('',#3554,#1467);
#1213=LINE('',#3556,#1468);
#1214=LINE('',#3558,#1469);
#1215=LINE('',#3560,#1470);
#1216=LINE('',#3563,#1471);
#1217=LINE('',#3565,#1472);
#1218=LINE('',#3567,#1473);
#1219=LINE('',#3569,#1474);
#1220=LINE('',#3571,#1475);
#1221=LINE('',#3573,#1476);
#1222=LINE('',#3575,#1477);
#1223=LINE('',#3577,#1478);
#1224=LINE('',#3579,#1479);
#1225=LINE('',#3581,#1480);
#1226=LINE('',#3583,#1481);
#1227=LINE('',#3585,#1482);
#1228=LINE('',#3587,#1483);
#1229=LINE('',#3588,#1484);
#1230=LINE('',#3590,#1485);
#1231=LINE('',#3592,#1486);
#1232=LINE('',#3594,#1487);
#1233=LINE('',#3596,#1488);
#1234=LINE('',#3598,#1489);
#1235=LINE('',#3600,#1490);
#1236=LINE('',#3601,#1491);
#1237=LINE('',#3603,#1492);
#1238=LINE('',#3605,#1493);
#1239=LINE('',#3607,#1494);
#1240=LINE('',#3609,#1495);
#1241=LINE('',#3611,#1496);
#1242=LINE('',#3613,#1497);
#1243=LINE('',#3614,#1498);
#1244=LINE('',#3616,#1499);
#1245=LINE('',#3618,#1500);
#1246=LINE('',#3620,#1501);
#1247=LINE('',#3622,#1502);
#1248=LINE('',#3624,#1503);
#1249=LINE('',#3627,#1504);
#1250=LINE('',#3629,#1505);
#1251=LINE('',#3631,#1506);
#1252=LINE('',#3633,#1507);
#1253=LINE('',#3635,#1508);
#1254=LINE('',#3636,#1509);
#1255=LINE('',#3638,#1510);
#1256=LINE('',#3640,#1511);
#1257=LINE('',#3642,#1512);
#1258=LINE('',#3644,#1513);
#1259=LINE('',#3646,#1514);
#1260=LINE('',#3649,#1515);
#1261=LINE('',#3651,#1516);
#1262=LINE('',#3653,#1517);
#1263=LINE('',#3655,#1518);
#1264=LINE('',#3657,#1519);
#1265=LINE('',#3658,#1520);
#1266=LINE('',#3660,#1521);
#1267=LINE('',#3662,#1522);
#1268=LINE('',#3664,#1523);
#1269=LINE('',#3666,#1524);
#1270=LINE('',#3668,#1525);
#1271=LINE('',#3671,#1526);
#1272=LINE('',#3673,#1527);
#1273=LINE('',#3675,#1528);
#1274=LINE('',#3677,#1529);
#1275=LINE('',#3678,#1530);
#1276=LINE('',#3680,#1531);
#1277=LINE('',#3682,#1532);
#1278=LINE('',#3684,#1533);
#1279=LINE('',#3686,#1534);
#1280=LINE('',#3688,#1535);
#1281=LINE('',#3690,#1536);
#1282=LINE('',#3693,#1537);
#1283=LINE('',#3695,#1538);
#1284=LINE('',#3697,#1539);
#1285=LINE('',#3699,#1540);
#1286=LINE('',#3700,#1541);
#1287=LINE('',#3702,#1542);
#1288=LINE('',#3704,#1543);
#1289=LINE('',#3706,#1544);
#1290=LINE('',#3708,#1545);
#1291=LINE('',#3709,#1546);
#1292=LINE('',#3712,#1547);
#1293=LINE('',#3715,#1548);
#1294=LINE('',#3717,#1549);
#1295=LINE('',#3719,#1550);
#1296=LINE('',#3721,#1551);
#1297=LINE('',#3722,#1552);
#1298=LINE('',#3724,#1553);
#1299=LINE('',#3726,#1554);
#1300=LINE('',#3728,#1555);
#1301=LINE('',#3730,#1556);
#1302=LINE('',#3731,#1557);
#1303=VECTOR('',#2738,1000.);
#1304=VECTOR('',#2739,1000.);
#1305=VECTOR('',#2740,1000.);
#1306=VECTOR('',#2741,1000.);
#1307=VECTOR('',#2742,1000.);
#1308=VECTOR('',#2743,1000.);
#1309=VECTOR('',#2744,1000.);
#1310=VECTOR('',#2745,1000.);
#1311=VECTOR('',#2746,1000.);
#1312=VECTOR('',#2747,1000.);
#1313=VECTOR('',#2748,1000.);
#1314=VECTOR('',#2749,1000.);
#1315=VECTOR('',#2750,1000.);
#1316=VECTOR('',#2751,1000.);
#1317=VECTOR('',#2752,1000.);
#1318=VECTOR('',#2753,1000.);
#1319=VECTOR('',#2754,1000.);
#1320=VECTOR('',#2755,1000.);
#1321=VECTOR('',#2756,1000.);
#1322=VECTOR('',#2757,1000.);
#1323=VECTOR('',#2758,1000.);
#1324=VECTOR('',#2759,1000.);
#1325=VECTOR('',#2760,1000.);
#1326=VECTOR('',#2761,1000.);
#1327=VECTOR('',#2762,1000.);
#1328=VECTOR('',#2763,1000.);
#1329=VECTOR('',#2764,1000.);
#1330=VECTOR('',#2765,1000.);
#1331=VECTOR('',#2768,1000.);
#1332=VECTOR('',#2769,1000.);
#1333=VECTOR('',#2770,1000.);
#1334=VECTOR('',#2771,1000.);
#1335=VECTOR('',#2772,1000.);
#1336=VECTOR('',#2773,1000.);
#1337=VECTOR('',#2774,1000.);
#1338=VECTOR('',#2775,1000.);
#1339=VECTOR('',#2778,1000.);
#1340=VECTOR('',#2779,1000.);
#1341=VECTOR('',#2780,1000.);
#1342=VECTOR('',#2781,1000.);
#1343=VECTOR('',#2782,1000.);
#1344=VECTOR('',#2783,1000.);
#1345=VECTOR('',#2784,1000.);
#1346=VECTOR('',#2785,1000.);
#1347=VECTOR('',#2786,1000.);
#1348=VECTOR('',#2787,1000.);
#1349=VECTOR('',#2788,1000.);
#1350=VECTOR('',#2789,1000.);
#1351=VECTOR('',#2790,1000.);
#1352=VECTOR('',#2791,1000.);
#1353=VECTOR('',#2792,1000.);
#1354=VECTOR('',#2793,1000.);
#1355=VECTOR('',#2794,1000.);
#1356=VECTOR('',#2795,1000.);
#1357=VECTOR('',#2796,1000.);
#1358=VECTOR('',#2797,1000.);
#1359=VECTOR('',#2798,1000.);
#1360=VECTOR('',#2799,1000.);
#1361=VECTOR('',#2800,1000.);
#1362=VECTOR('',#2801,1000.);
#1363=VECTOR('',#2802,1000.);
#1364=VECTOR('',#2803,1000.);
#1365=VECTOR('',#2804,1000.);
#1366=VECTOR('',#2805,1000.);
#1367=VECTOR('',#2810,1000.);
#1368=VECTOR('',#2811,1000.);
#1369=VECTOR('',#2812,1000.);
#1370=VECTOR('',#2813,1000.);
#1371=VECTOR('',#2814,1000.);
#1372=VECTOR('',#2815,1000.);
#1373=VECTOR('',#2816,1000.);
#1374=VECTOR('',#2817,1000.);
#1375=VECTOR('',#2818,1000.);
#1376=VECTOR('',#2819,1000.);
#1377=VECTOR('',#2820,1000.);
#1378=VECTOR('',#2821,1000.);
#1379=VECTOR('',#2824,1000.);
#1380=VECTOR('',#2827,1000.);
#1381=VECTOR('',#2828,1000.);
#1382=VECTOR('',#2829,1000.);
#1383=VECTOR('',#2830,1000.);
#1384=VECTOR('',#2831,1000.);
#1385=VECTOR('',#2832,1000.);
#1386=VECTOR('',#2833,1000.);
#1387=VECTOR('',#2834,1000.);
#1388=VECTOR('',#2835,1000.);
#1389=VECTOR('',#2836,1000.);
#1390=VECTOR('',#2837,1000.);
#1391=VECTOR('',#2840,1000.);
#1392=VECTOR('',#2843,1000.);
#1393=VECTOR('',#2844,1000.);
#1394=VECTOR('',#2845,1000.);
#1395=VECTOR('',#2848,1000.);
#1396=VECTOR('',#2849,1000.);
#1397=VECTOR('',#2850,1000.);
#1398=VECTOR('',#2853,1000.);
#1399=VECTOR('',#2854,1000.);
#1400=VECTOR('',#2855,1000.);
#1401=VECTOR('',#2858,1000.);
#1402=VECTOR('',#2859,1000.);
#1403=VECTOR('',#2860,1000.);
#1404=VECTOR('',#2863,1000.);
#1405=VECTOR('',#2864,1000.);
#1406=VECTOR('',#2865,1000.);
#1407=VECTOR('',#2868,1000.);
#1408=VECTOR('',#2869,1000.);
#1409=VECTOR('',#2870,1000.);
#1410=VECTOR('',#2873,1000.);
#1411=VECTOR('',#2874,1000.);
#1412=VECTOR('',#2875,1000.);
#1413=VECTOR('',#2876,1000.);
#1414=VECTOR('',#2879,1000.);
#1415=VECTOR('',#2880,1000.);
#1416=VECTOR('',#2881,1000.);
#1417=VECTOR('',#2882,1000.);
#1418=VECTOR('',#2885,1000.);
#1419=VECTOR('',#2886,1000.);
#1420=VECTOR('',#2887,1000.);
#1421=VECTOR('',#2890,1000.);
#1422=VECTOR('',#2893,1000.);
#1423=VECTOR('',#2894,1000.);
#1424=VECTOR('',#2897,1000.);
#1425=VECTOR('',#2900,1000.);
#1426=VECTOR('',#2901,1000.);
#1427=VECTOR('',#2902,1000.);
#1428=VECTOR('',#2903,1000.);
#1429=VECTOR('',#2904,1000.);
#1430=VECTOR('',#2907,1000.);
#1431=VECTOR('',#2908,1000.);
#1432=VECTOR('',#2909,1000.);
#1433=VECTOR('',#2910,1000.);
#1434=VECTOR('',#2911,1000.);
#1435=VECTOR('',#2912,1000.);
#1436=VECTOR('',#2913,1000.);
#1437=VECTOR('',#2916,1000.);
#1438=VECTOR('',#2917,1000.);
#1439=VECTOR('',#2918,1000.);
#1440=VECTOR('',#2921,1000.);
#1441=VECTOR('',#2924,1000.);
#1442=VECTOR('',#2925,1000.);
#1443=VECTOR('',#2928,1000.);
#1444=VECTOR('',#2929,1000.);
#1445=VECTOR('',#2932,1000.);
#1446=VECTOR('',#2933,1000.);
#1447=VECTOR('',#2936,1000.);
#1448=VECTOR('',#2939,1000.);
#1449=VECTOR('',#2942,1000.);
#1450=VECTOR('',#2943,1000.);
#1451=VECTOR('',#2946,1000.);
#1452=VECTOR('',#2947,1000.);
#1453=VECTOR('',#2950,1000.);
#1454=VECTOR('',#2951,1000.);
#1455=VECTOR('',#2954,1000.);
#1456=VECTOR('',#2957,1000.);
#1457=VECTOR('',#2958,1000.);
#1458=VECTOR('',#2961,1000.);
#1459=VECTOR('',#2964,1000.);
#1460=VECTOR('',#2965,1000.);
#1461=VECTOR('',#2966,1000.);
#1462=VECTOR('',#2967,1000.);
#1463=VECTOR('',#2970,1000.);
#1464=VECTOR('',#2971,1000.);
#1465=VECTOR('',#2972,1000.);
#1466=VECTOR('',#2975,1000.);
#1467=VECTOR('',#2978,1000.);
#1468=VECTOR('',#2979,1000.);
#1469=VECTOR('',#2982,1000.);
#1470=VECTOR('',#2985,1000.);
#1471=VECTOR('',#2986,1000.);
#1472=VECTOR('',#2987,1000.);
#1473=VECTOR('',#2988,1000.);
#1474=VECTOR('',#2989,1000.);
#1475=VECTOR('',#2990,1000.);
#1476=VECTOR('',#2991,1000.);
#1477=VECTOR('',#2992,1000.);
#1478=VECTOR('',#2993,1000.);
#1479=VECTOR('',#2994,1000.);
#1480=VECTOR('',#2995,1000.);
#1481=VECTOR('',#2996,1000.);
#1482=VECTOR('',#2999,1000.);
#1483=VECTOR('',#3000,1000.);
#1484=VECTOR('',#3001,1000.);
#1485=VECTOR('',#3004,1000.);
#1486=VECTOR('',#3007,1000.);
#1487=VECTOR('',#3008,1000.);
#1488=VECTOR('',#3011,1000.);
#1489=VECTOR('',#3012,1000.);
#1490=VECTOR('',#3015,1000.);
#1491=VECTOR('',#3016,1000.);
#1492=VECTOR('',#3019,1000.);
#1493=VECTOR('',#3022,1000.);
#1494=VECTOR('',#3023,1000.);
#1495=VECTOR('',#3026,1000.);
#1496=VECTOR('',#3027,1000.);
#1497=VECTOR('',#3030,1000.);
#1498=VECTOR('',#3031,1000.);
#1499=VECTOR('',#3034,1000.);
#1500=VECTOR('',#3037,1000.);
#1501=VECTOR('',#3038,1000.);
#1502=VECTOR('',#3041,1000.);
#1503=VECTOR('',#3044,1000.);
#1504=VECTOR('',#3045,1000.);
#1505=VECTOR('',#3046,1000.);
#1506=VECTOR('',#3047,1000.);
#1507=VECTOR('',#3050,1000.);
#1508=VECTOR('',#3051,1000.);
#1509=VECTOR('',#3052,1000.);
#1510=VECTOR('',#3055,1000.);
#1511=VECTOR('',#3058,1000.);
#1512=VECTOR('',#3059,1000.);
#1513=VECTOR('',#3062,1000.);
#1514=VECTOR('',#3065,1000.);
#1515=VECTOR('',#3066,1000.);
#1516=VECTOR('',#3067,1000.);
#1517=VECTOR('',#3068,1000.);
#1518=VECTOR('',#3071,1000.);
#1519=VECTOR('',#3072,1000.);
#1520=VECTOR('',#3073,1000.);
#1521=VECTOR('',#3076,1000.);
#1522=VECTOR('',#3079,1000.);
#1523=VECTOR('',#3080,1000.);
#1524=VECTOR('',#3083,1000.);
#1525=VECTOR('',#3086,1000.);
#1526=VECTOR('',#3087,1000.);
#1527=VECTOR('',#3088,1000.);
#1528=VECTOR('',#3089,1000.);
#1529=VECTOR('',#3092,1000.);
#1530=VECTOR('',#3093,1000.);
#1531=VECTOR('',#3096,1000.);
#1532=VECTOR('',#3097,1000.);
#1533=VECTOR('',#3100,1000.);
#1534=VECTOR('',#3101,1000.);
#1535=VECTOR('',#3104,1000.);
#1536=VECTOR('',#3107,1000.);
#1537=VECTOR('',#3108,1000.);
#1538=VECTOR('',#3109,1000.);
#1539=VECTOR('',#3110,1000.);
#1540=VECTOR('',#3113,1000.);
#1541=VECTOR('',#3114,1000.);
#1542=VECTOR('',#3115,1000.);
#1543=VECTOR('',#3118,1000.);
#1544=VECTOR('',#3119,1000.);
#1545=VECTOR('',#3122,1000.);
#1546=VECTOR('',#3123,1000.);
#1547=VECTOR('',#3128,1000.);
#1548=VECTOR('',#3129,1000.);
#1549=VECTOR('',#3130,1000.);
#1550=VECTOR('',#3131,1000.);
#1551=VECTOR('',#3134,1000.);
#1552=VECTOR('',#3135,1000.);
#1553=VECTOR('',#3136,1000.);
#1554=VECTOR('',#3139,1000.);
#1555=VECTOR('',#3140,1000.);
#1556=VECTOR('',#3143,1000.);
#1557=VECTOR('',#3144,1000.);
#1558=EDGE_LOOP('',(#51,#52,#53,#54,#55,#56,#57,#58,#59,#60,#61,#62,#63,
#64,#65,#66,#67,#68,#69,#70,#71,#72,#73,#74,#75,#76,#77,#78));
#1559=EDGE_LOOP('',(#79,#80,#81,#82,#83,#84,#85,#86));
#1560=EDGE_LOOP('',(#87,#88,#89,#90,#91,#92,#93,#94,#95,#96,#97,#98,#99,
#100,#101,#102,#103,#104,#105,#106,#107,#108,#109,#110,#111,#112,#113,#114));
#1561=EDGE_LOOP('',(#115,#116,#117,#118,#119,#120,#121,#122,#123,#124,#125,
#126,#127,#128,#129,#130,#131,#132,#133,#134,#135,#136,#137,#138,#139,#140,
#141,#142,#143,#144,#145,#146,#147,#148,#149,#150,#151,#152,#153,#154,#155,
#156,#157,#158,#159));
#1562=EDGE_LOOP('',(#160,#161,#162,#163));
#1563=EDGE_LOOP('',(#164,#165,#166,#167));
#1564=EDGE_LOOP('',(#168,#169,#170,#171));
#1565=EDGE_LOOP('',(#172,#173,#174,#175));
#1566=EDGE_LOOP('',(#176,#177,#178,#179));
#1567=EDGE_LOOP('',(#180,#181,#182,#183));
#1568=EDGE_LOOP('',(#184,#185,#186,#187));
#1569=EDGE_LOOP('',(#188,#189,#190,#191,#192,#193));
#1570=EDGE_LOOP('',(#194,#195,#196,#197));
#1571=EDGE_LOOP('',(#198,#199,#200,#201,#202,#203));
#1572=EDGE_LOOP('',(#204,#205,#206,#207));
#1573=EDGE_LOOP('',(#208,#209,#210,#211,#212,#213,#214,#215,#216,#217,#218,
#219,#220));
#1574=EDGE_LOOP('',(#221,#222,#223,#224,#225,#226));
#1575=EDGE_LOOP('',(#227,#228,#229,#230));
#1576=EDGE_LOOP('',(#231,#232,#233,#234,#235,#236));
#1577=EDGE_LOOP('',(#237,#238,#239,#240));
#1578=EDGE_LOOP('',(#241,#242,#243,#244,#245,#246));
#1579=EDGE_LOOP('',(#247,#248,#249,#250));
#1580=EDGE_LOOP('',(#251,#252,#253,#254));
#1581=EDGE_LOOP('',(#255,#256,#257,#258,#259,#260));
#1582=EDGE_LOOP('',(#261,#262,#263,#264));
#1583=EDGE_LOOP('',(#265,#266,#267,#268,#269,#270));
#1584=EDGE_LOOP('',(#271,#272,#273,#274));
#1585=EDGE_LOOP('',(#275,#276,#277,#278,#279,#280));
#1586=EDGE_LOOP('',(#281,#282,#283,#284));
#1587=EDGE_LOOP('',(#285,#286,#287,#288));
#1588=EDGE_LOOP('',(#289,#290,#291,#292,#293,#294));
#1589=EDGE_LOOP('',(#295,#296,#297,#298));
#1590=EDGE_LOOP('',(#299,#300,#301,#302,#303,#304));
#1591=EDGE_LOOP('',(#305,#306,#307,#308));
#1592=EDGE_LOOP('',(#309,#310,#311,#312,#313,#314,#315,#316,#317,#318,#319,
#320));
#1593=EDGE_LOOP('',(#321,#322,#323,#324,#325,#326));
#1594=EDGE_LOOP('',(#327,#328,#329,#330));
#1595=EDGE_LOOP('',(#331,#332,#333,#334,#335,#336));
#1596=EDGE_LOOP('',(#337,#338,#339,#340));
#1597=EDGE_LOOP('',(#341,#342,#343,#344,#345,#346));
#1598=EDGE_LOOP('',(#347,#348,#349,#350));
#1599=EDGE_LOOP('',(#351,#352,#353,#354,#355,#356));
#1600=EDGE_LOOP('',(#357,#358,#359,#360));
#1601=EDGE_LOOP('',(#361,#362,#363,#364,#365,#366));
#1602=EDGE_LOOP('',(#367,#368,#369,#370));
#1603=EDGE_LOOP('',(#371,#372,#373,#374,#375,#376));
#1604=EDGE_LOOP('',(#377,#378,#379,#380));
#1605=EDGE_LOOP('',(#381,#382,#383,#384));
#1606=EDGE_LOOP('',(#385,#386,#387,#388,#389,#390));
#1607=EDGE_LOOP('',(#391,#392,#393,#394));
#1608=EDGE_LOOP('',(#395,#396,#397,#398,#399,#400));
#1609=EDGE_LOOP('',(#401,#402,#403,#404));
#1610=EDGE_LOOP('',(#405,#406,#407,#408));
#1611=EDGE_LOOP('',(#409,#410,#411,#412,#413,#414));
#1612=EDGE_LOOP('',(#415,#416,#417,#418));
#1613=EDGE_LOOP('',(#419,#420,#421,#422,#423,#424));
#1614=EDGE_LOOP('',(#425,#426,#427,#428));
#1615=EDGE_LOOP('',(#429,#430,#431,#432));
#1616=EDGE_LOOP('',(#433,#434,#435,#436));
#1617=EDGE_LOOP('',(#437,#438,#439,#440,#441,#442));
#1618=EDGE_LOOP('',(#443,#444,#445,#446));
#1619=EDGE_LOOP('',(#447,#448,#449,#450,#451,#452));
#1620=EDGE_LOOP('',(#453,#454,#455,#456));
#1621=EDGE_LOOP('',(#457,#458,#459,#460,#461,#462));
#1622=EDGE_LOOP('',(#463,#464,#465,#466));
#1623=EDGE_LOOP('',(#467,#468,#469,#470,#471,#472));
#1624=EDGE_LOOP('',(#473,#474,#475,#476));
#1625=EDGE_LOOP('',(#477,#478,#479,#480));
#1626=EDGE_LOOP('',(#481,#482,#483,#484,#485,#486));
#1627=EDGE_LOOP('',(#487,#488,#489,#490));
#1628=EDGE_LOOP('',(#491,#492,#493,#494,#495,#496));
#1629=EDGE_LOOP('',(#497,#498,#499,#500));
#1630=EDGE_LOOP('',(#501,#502,#503,#504));
#1631=EDGE_LOOP('',(#505,#506,#507,#508));
#1632=EDGE_LOOP('',(#509,#510,#511,#512));
#1633=EDGE_LOOP('',(#513,#514,#515,#516));
#1634=EDGE_LOOP('',(#517,#518,#519,#520));
#1635=EDGE_LOOP('',(#521,#522,#523,#524));
#1636=EDGE_LOOP('',(#525,#526,#527,#528));
#1637=EDGE_LOOP('',(#529,#530,#531,#532));
#1638=EDGE_LOOP('',(#533,#534,#535,#536));
#1639=EDGE_LOOP('',(#537,#538,#539,#540));
#1640=EDGE_LOOP('',(#541,#542,#543,#544));
#1641=EDGE_LOOP('',(#545,#546,#547,#548));
#1642=EDGE_LOOP('',(#549,#550,#551,#552));
#1643=EDGE_LOOP('',(#553,#554,#555,#556));
#1644=EDGE_LOOP('',(#557,#558,#559));
#1645=EDGE_LOOP('',(#560,#561,#562,#563));
#1646=EDGE_LOOP('',(#564,#565,#566,#567));
#1647=EDGE_LOOP('',(#568,#569,#570,#571));
#1648=EDGE_LOOP('',(#572,#573,#574,#575));
#1649=EDGE_LOOP('',(#576,#577,#578));
#1650=EDGE_LOOP('',(#579,#580,#581));
#1651=EDGE_LOOP('',(#582,#583,#584,#585));
#1652=EDGE_LOOP('',(#586,#587,#588,#589));
#1653=EDGE_LOOP('',(#590,#591,#592));
#1654=EDGE_LOOP('',(#593,#594,#595,#596));
#1655=FACE_BOUND('',#1558,.T.);
#1656=FACE_BOUND('',#1559,.T.);
#1657=FACE_BOUND('',#1560,.T.);
#1658=FACE_BOUND('',#1561,.T.);
#1659=FACE_BOUND('',#1562,.T.);
#1660=FACE_BOUND('',#1563,.T.);
#1661=FACE_BOUND('',#1564,.T.);
#1662=FACE_BOUND('',#1565,.T.);
#1663=FACE_BOUND('',#1566,.T.);
#1664=FACE_BOUND('',#1567,.T.);
#1665=FACE_BOUND('',#1568,.T.);
#1666=FACE_BOUND('',#1569,.T.);
#1667=FACE_BOUND('',#1570,.T.);
#1668=FACE_BOUND('',#1571,.T.);
#1669=FACE_BOUND('',#1572,.T.);
#1670=FACE_BOUND('',#1573,.T.);
#1671=FACE_BOUND('',#1574,.T.);
#1672=FACE_BOUND('',#1575,.T.);
#1673=FACE_BOUND('',#1576,.T.);
#1674=FACE_BOUND('',#1577,.T.);
#1675=FACE_BOUND('',#1578,.T.);
#1676=FACE_BOUND('',#1579,.T.);
#1677=FACE_BOUND('',#1580,.T.);
#1678=FACE_BOUND('',#1581,.T.);
#1679=FACE_BOUND('',#1582,.T.);
#1680=FACE_BOUND('',#1583,.T.);
#1681=FACE_BOUND('',#1584,.T.);
#1682=FACE_BOUND('',#1585,.T.);
#1683=FACE_BOUND('',#1586,.T.);
#1684=FACE_BOUND('',#1587,.T.);
#1685=FACE_BOUND('',#1588,.T.);
#1686=FACE_BOUND('',#1589,.T.);
#1687=FACE_BOUND('',#1590,.T.);
#1688=FACE_BOUND('',#1591,.T.);
#1689=FACE_BOUND('',#1592,.T.);
#1690=FACE_BOUND('',#1593,.T.);
#1691=FACE_BOUND('',#1594,.T.);
#1692=FACE_BOUND('',#1595,.T.);
#1693=FACE_BOUND('',#1596,.T.);
#1694=FACE_BOUND('',#1597,.T.);
#1695=FACE_BOUND('',#1598,.T.);
#1696=FACE_BOUND('',#1599,.T.);
#1697=FACE_BOUND('',#1600,.T.);
#1698=FACE_BOUND('',#1601,.T.);
#1699=FACE_BOUND('',#1602,.T.);
#1700=FACE_BOUND('',#1603,.T.);
#1701=FACE_BOUND('',#1604,.T.);
#1702=FACE_BOUND('',#1605,.T.);
#1703=FACE_BOUND('',#1606,.T.);
#1704=FACE_BOUND('',#1607,.T.);
#1705=FACE_BOUND('',#1608,.T.);
#1706=FACE_BOUND('',#1609,.T.);
#1707=FACE_BOUND('',#1610,.T.);
#1708=FACE_BOUND('',#1611,.T.);
#1709=FACE_BOUND('',#1612,.T.);
#1710=FACE_BOUND('',#1613,.T.);
#1711=FACE_BOUND('',#1614,.T.);
#1712=FACE_BOUND('',#1615,.T.);
#1713=FACE_BOUND('',#1616,.T.);
#1714=FACE_BOUND('',#1617,.T.);
#1715=FACE_BOUND('',#1618,.T.);
#1716=FACE_BOUND('',#1619,.T.);
#1717=FACE_BOUND('',#1620,.T.);
#1718=FACE_BOUND('',#1621,.T.);
#1719=FACE_BOUND('',#1622,.T.);
#1720=FACE_BOUND('',#1623,.T.);
#1721=FACE_BOUND('',#1624,.T.);
#1722=FACE_BOUND('',#1625,.T.);
#1723=FACE_BOUND('',#1626,.T.);
#1724=FACE_BOUND('',#1627,.T.);
#1725=FACE_BOUND('',#1628,.T.);
#1726=FACE_BOUND('',#1629,.T.);
#1727=FACE_BOUND('',#1630,.T.);
#1728=FACE_BOUND('',#1631,.T.);
#1729=FACE_BOUND('',#1632,.T.);
#1730=FACE_BOUND('',#1633,.T.);
#1731=FACE_BOUND('',#1634,.T.);
#1732=FACE_BOUND('',#1635,.T.);
#1733=FACE_BOUND('',#1636,.T.);
#1734=FACE_BOUND('',#1637,.T.);
#1735=FACE_BOUND('',#1638,.T.);
#1736=FACE_BOUND('',#1639,.T.);
#1737=FACE_BOUND('',#1640,.T.);
#1738=FACE_BOUND('',#1641,.T.);
#1739=FACE_BOUND('',#1642,.T.);
#1740=FACE_BOUND('',#1643,.T.);
#1741=FACE_BOUND('',#1644,.T.);
#1742=FACE_BOUND('',#1645,.T.);
#1743=FACE_BOUND('',#1646,.T.);
#1744=FACE_BOUND('',#1647,.T.);
#1745=FACE_BOUND('',#1648,.T.);
#1746=FACE_BOUND('',#1649,.T.);
#1747=FACE_BOUND('',#1650,.T.);
#1748=FACE_BOUND('',#1651,.T.);
#1749=FACE_BOUND('',#1652,.T.);
#1750=FACE_BOUND('',#1653,.T.);
#1751=FACE_BOUND('',#1654,.T.);
#1752=PLANE('',#2619);
#1753=PLANE('',#2620);
#1754=PLANE('',#2621);
#1755=PLANE('',#2622);
#1756=PLANE('',#2628);
#1757=PLANE('',#2629);
#1758=PLANE('',#2630);
#1759=PLANE('',#2631);
#1760=PLANE('',#2632);
#1761=PLANE('',#2633);
#1762=PLANE('',#2634);
#1763=PLANE('',#2635);
#1764=PLANE('',#2636);
#1765=PLANE('',#2637);
#1766=PLANE('',#2638);
#1767=PLANE('',#2639);
#1768=PLANE('',#2641);
#1769=PLANE('',#2642);
#1770=PLANE('',#2643);
#1771=PLANE('',#2644);
#1772=PLANE('',#2645);
#1773=PLANE('',#2647);
#1774=PLANE('',#2648);
#1775=PLANE('',#2649);
#1776=PLANE('',#2650);
#1777=PLANE('',#2651);
#1778=PLANE('',#2652);
#1779=PLANE('',#2653);
#1780=PLANE('',#2654);
#1781=PLANE('',#2655);
#1782=PLANE('',#2656);
#1783=PLANE('',#2657);
#1784=PLANE('',#2658);
#1785=PLANE('',#2659);
#1786=PLANE('',#2660);
#1787=PLANE('',#2661);
#1788=PLANE('',#2662);
#1789=PLANE('',#2663);
#1790=PLANE('',#2664);
#1791=PLANE('',#2665);
#1792=PLANE('',#2666);
#1793=PLANE('',#2667);
#1794=PLANE('',#2668);
#1795=PLANE('',#2669);
#1796=PLANE('',#2670);
#1797=PLANE('',#2671);
#1798=PLANE('',#2672);
#1799=PLANE('',#2673);
#1800=PLANE('',#2674);
#1801=PLANE('',#2675);
#1802=PLANE('',#2676);
#1803=PLANE('',#2677);
#1804=PLANE('',#2678);
#1805=PLANE('',#2679);
#1806=PLANE('',#2680);
#1807=PLANE('',#2681);
#1808=PLANE('',#2682);
#1809=PLANE('',#2683);
#1810=PLANE('',#2684);
#1811=PLANE('',#2685);
#1812=PLANE('',#2686);
#1813=PLANE('',#2687);
#1814=PLANE('',#2688);
#1815=PLANE('',#2689);
#1816=PLANE('',#2690);
#1817=PLANE('',#2691);
#1818=PLANE('',#2692);
#1819=PLANE('',#2693);
#1820=PLANE('',#2694);
#1821=PLANE('',#2695);
#1822=PLANE('',#2696);
#1823=PLANE('',#2697);
#1824=PLANE('',#2698);
#1825=PLANE('',#2699);
#1826=PLANE('',#2700);
#1827=PLANE('',#2701);
#1828=PLANE('',#2702);
#1829=PLANE('',#2703);
#1830=PLANE('',#2704);
#1831=PLANE('',#2705);
#1832=PLANE('',#2706);
#1833=PLANE('',#2707);
#1834=PLANE('',#2708);
#1835=PLANE('',#2709);
#1836=STYLED_ITEM('',(#1933),#2517);
#1837=STYLED_ITEM('',(#1934),#2518);
#1838=STYLED_ITEM('',(#1935),#2519);
#1839=STYLED_ITEM('',(#1936),#2520);
#1840=STYLED_ITEM('',(#1937),#2521);
#1841=STYLED_ITEM('',(#1938),#2522);
#1842=STYLED_ITEM('',(#1939),#2523);
#1843=STYLED_ITEM('',(#1940),#2524);
#1844=STYLED_ITEM('',(#1941),#2525);
#1845=STYLED_ITEM('',(#1942),#2526);
#1846=STYLED_ITEM('',(#1943),#2527);
#1847=STYLED_ITEM('',(#1944),#2528);
#1848=STYLED_ITEM('',(#1945),#2529);
#1849=STYLED_ITEM('',(#1946),#2530);
#1850=STYLED_ITEM('',(#1947),#2531);
#1851=STYLED_ITEM('',(#1948),#2532);
#1852=STYLED_ITEM('',(#1949),#2533);
#1853=STYLED_ITEM('',(#1950),#2534);
#1854=STYLED_ITEM('',(#1951),#2535);
#1855=STYLED_ITEM('',(#1952),#2536);
#1856=STYLED_ITEM('',(#1953),#2537);
#1857=STYLED_ITEM('',(#1954),#2538);
#1858=STYLED_ITEM('',(#1955),#2539);
#1859=STYLED_ITEM('',(#1956),#2540);
#1860=STYLED_ITEM('',(#1957),#2541);
#1861=STYLED_ITEM('',(#1958),#2542);
#1862=STYLED_ITEM('',(#1959),#2543);
#1863=STYLED_ITEM('',(#1960),#2544);
#1864=STYLED_ITEM('',(#1961),#2545);
#1865=STYLED_ITEM('',(#1962),#2546);
#1866=STYLED_ITEM('',(#1963),#2547);
#1867=STYLED_ITEM('',(#1964),#2548);
#1868=STYLED_ITEM('',(#1965),#2549);
#1869=STYLED_ITEM('',(#1966),#2550);
#1870=STYLED_ITEM('',(#1967),#2551);
#1871=STYLED_ITEM('',(#1968),#2552);
#1872=STYLED_ITEM('',(#1969),#2553);
#1873=STYLED_ITEM('',(#1970),#2554);
#1874=STYLED_ITEM('',(#1971),#2555);
#1875=STYLED_ITEM('',(#1972),#2556);
#1876=STYLED_ITEM('',(#1973),#2557);
#1877=STYLED_ITEM('',(#1974),#2558);
#1878=STYLED_ITEM('',(#1975),#2559);
#1879=STYLED_ITEM('',(#1976),#2560);
#1880=STYLED_ITEM('',(#1977),#2561);
#1881=STYLED_ITEM('',(#1978),#2562);
#1882=STYLED_ITEM('',(#1979),#2563);
#1883=STYLED_ITEM('',(#1980),#2564);
#1884=STYLED_ITEM('',(#1981),#2565);
#1885=STYLED_ITEM('',(#1982),#2566);
#1886=STYLED_ITEM('',(#1983),#2567);
#1887=STYLED_ITEM('',(#1984),#2568);
#1888=STYLED_ITEM('',(#1985),#2569);
#1889=STYLED_ITEM('',(#1986),#2570);
#1890=STYLED_ITEM('',(#1987),#2571);
#1891=STYLED_ITEM('',(#1988),#2572);
#1892=STYLED_ITEM('',(#1989),#2573);
#1893=STYLED_ITEM('',(#1990),#2574);
#1894=STYLED_ITEM('',(#1991),#2575);
#1895=STYLED_ITEM('',(#1992),#2576);
#1896=STYLED_ITEM('',(#1993),#2577);
#1897=STYLED_ITEM('',(#1994),#2578);
#1898=STYLED_ITEM('',(#1995),#2579);
#1899=STYLED_ITEM('',(#1996),#2580);
#1900=STYLED_ITEM('',(#1997),#2581);
#1901=STYLED_ITEM('',(#1998),#2582);
#1902=STYLED_ITEM('',(#1999),#2583);
#1903=STYLED_ITEM('',(#2000),#2584);
#1904=STYLED_ITEM('',(#2001),#2585);
#1905=STYLED_ITEM('',(#2002),#2586);
#1906=STYLED_ITEM('',(#2003),#2587);
#1907=STYLED_ITEM('',(#2004),#2588);
#1908=STYLED_ITEM('',(#2005),#2589);
#1909=STYLED_ITEM('',(#2006),#2590);
#1910=STYLED_ITEM('',(#2007),#2591);
#1911=STYLED_ITEM('',(#2008),#2592);
#1912=STYLED_ITEM('',(#2009),#2593);
#1913=STYLED_ITEM('',(#2010),#2594);
#1914=STYLED_ITEM('',(#2011),#2595);
#1915=STYLED_ITEM('',(#2012),#2596);
#1916=STYLED_ITEM('',(#2013),#2597);
#1917=STYLED_ITEM('',(#2014),#2598);
#1918=STYLED_ITEM('',(#2015),#2599);
#1919=STYLED_ITEM('',(#2016),#2600);
#1920=STYLED_ITEM('',(#2017),#2601);
#1921=STYLED_ITEM('',(#2018),#2602);
#1922=STYLED_ITEM('',(#2019),#2603);
#1923=STYLED_ITEM('',(#2020),#2604);
#1924=STYLED_ITEM('',(#2021),#2605);
#1925=STYLED_ITEM('',(#2022),#2606);
#1926=STYLED_ITEM('',(#2023),#2607);
#1927=STYLED_ITEM('',(#2024),#2608);
#1928=STYLED_ITEM('',(#2025),#2609);
#1929=STYLED_ITEM('',(#2026),#2610);
#1930=STYLED_ITEM('',(#2027),#2611);
#1931=STYLED_ITEM('',(#2028),#2612);
#1932=STYLED_ITEM('',(#2029),#2613);
#1933=PRESENTATION_STYLE_ASSIGNMENT((#2030));
#1934=PRESENTATION_STYLE_ASSIGNMENT((#2031));
#1935=PRESENTATION_STYLE_ASSIGNMENT((#2032));
#1936=PRESENTATION_STYLE_ASSIGNMENT((#2033));
#1937=PRESENTATION_STYLE_ASSIGNMENT((#2034));
#1938=PRESENTATION_STYLE_ASSIGNMENT((#2035));
#1939=PRESENTATION_STYLE_ASSIGNMENT((#2036));
#1940=PRESENTATION_STYLE_ASSIGNMENT((#2037));
#1941=PRESENTATION_STYLE_ASSIGNMENT((#2038));
#1942=PRESENTATION_STYLE_ASSIGNMENT((#2039));
#1943=PRESENTATION_STYLE_ASSIGNMENT((#2040));
#1944=PRESENTATION_STYLE_ASSIGNMENT((#2041));
#1945=PRESENTATION_STYLE_ASSIGNMENT((#2042));
#1946=PRESENTATION_STYLE_ASSIGNMENT((#2043));
#1947=PRESENTATION_STYLE_ASSIGNMENT((#2044));
#1948=PRESENTATION_STYLE_ASSIGNMENT((#2045));
#1949=PRESENTATION_STYLE_ASSIGNMENT((#2046));
#1950=PRESENTATION_STYLE_ASSIGNMENT((#2047));
#1951=PRESENTATION_STYLE_ASSIGNMENT((#2048));
#1952=PRESENTATION_STYLE_ASSIGNMENT((#2049));
#1953=PRESENTATION_STYLE_ASSIGNMENT((#2050));
#1954=PRESENTATION_STYLE_ASSIGNMENT((#2051));
#1955=PRESENTATION_STYLE_ASSIGNMENT((#2052));
#1956=PRESENTATION_STYLE_ASSIGNMENT((#2053));
#1957=PRESENTATION_STYLE_ASSIGNMENT((#2054));
#1958=PRESENTATION_STYLE_ASSIGNMENT((#2055));
#1959=PRESENTATION_STYLE_ASSIGNMENT((#2056));
#1960=PRESENTATION_STYLE_ASSIGNMENT((#2057));
#1961=PRESENTATION_STYLE_ASSIGNMENT((#2058));
#1962=PRESENTATION_STYLE_ASSIGNMENT((#2059));
#1963=PRESENTATION_STYLE_ASSIGNMENT((#2060));
#1964=PRESENTATION_STYLE_ASSIGNMENT((#2061));
#1965=PRESENTATION_STYLE_ASSIGNMENT((#2062));
#1966=PRESENTATION_STYLE_ASSIGNMENT((#2063));
#1967=PRESENTATION_STYLE_ASSIGNMENT((#2064));
#1968=PRESENTATION_STYLE_ASSIGNMENT((#2065));
#1969=PRESENTATION_STYLE_ASSIGNMENT((#2066));
#1970=PRESENTATION_STYLE_ASSIGNMENT((#2067));
#1971=PRESENTATION_STYLE_ASSIGNMENT((#2068));
#1972=PRESENTATION_STYLE_ASSIGNMENT((#2069));
#1973=PRESENTATION_STYLE_ASSIGNMENT((#2070));
#1974=PRESENTATION_STYLE_ASSIGNMENT((#2071));
#1975=PRESENTATION_STYLE_ASSIGNMENT((#2072));
#1976=PRESENTATION_STYLE_ASSIGNMENT((#2073));
#1977=PRESENTATION_STYLE_ASSIGNMENT((#2074));
#1978=PRESENTATION_STYLE_ASSIGNMENT((#2075));
#1979=PRESENTATION_STYLE_ASSIGNMENT((#2076));
#1980=PRESENTATION_STYLE_ASSIGNMENT((#2077));
#1981=PRESENTATION_STYLE_ASSIGNMENT((#2078));
#1982=PRESENTATION_STYLE_ASSIGNMENT((#2079));
#1983=PRESENTATION_STYLE_ASSIGNMENT((#2080));
#1984=PRESENTATION_STYLE_ASSIGNMENT((#2081));
#1985=PRESENTATION_STYLE_ASSIGNMENT((#2082));
#1986=PRESENTATION_STYLE_ASSIGNMENT((#2083));
#1987=PRESENTATION_STYLE_ASSIGNMENT((#2084));
#1988=PRESENTATION_STYLE_ASSIGNMENT((#2085));
#1989=PRESENTATION_STYLE_ASSIGNMENT((#2086));
#1990=PRESENTATION_STYLE_ASSIGNMENT((#2087));
#1991=PRESENTATION_STYLE_ASSIGNMENT((#2088));
#1992=PRESENTATION_STYLE_ASSIGNMENT((#2089));
#1993=PRESENTATION_STYLE_ASSIGNMENT((#2090));
#1994=PRESENTATION_STYLE_ASSIGNMENT((#2091));
#1995=PRESENTATION_STYLE_ASSIGNMENT((#2092));
#1996=PRESENTATION_STYLE_ASSIGNMENT((#2093));
#1997=PRESENTATION_STYLE_ASSIGNMENT((#2094));
#1998=PRESENTATION_STYLE_ASSIGNMENT((#2095));
#1999=PRESENTATION_STYLE_ASSIGNMENT((#2096));
#2000=PRESENTATION_STYLE_ASSIGNMENT((#2097));
#2001=PRESENTATION_STYLE_ASSIGNMENT((#2098));
#2002=PRESENTATION_STYLE_ASSIGNMENT((#2099));
#2003=PRESENTATION_STYLE_ASSIGNMENT((#2100));
#2004=PRESENTATION_STYLE_ASSIGNMENT((#2101));
#2005=PRESENTATION_STYLE_ASSIGNMENT((#2102));
#2006=PRESENTATION_STYLE_ASSIGNMENT((#2103));
#2007=PRESENTATION_STYLE_ASSIGNMENT((#2104));
#2008=PRESENTATION_STYLE_ASSIGNMENT((#2105));
#2009=PRESENTATION_STYLE_ASSIGNMENT((#2106));
#2010=PRESENTATION_STYLE_ASSIGNMENT((#2107));
#2011=PRESENTATION_STYLE_ASSIGNMENT((#2108));
#2012=PRESENTATION_STYLE_ASSIGNMENT((#2109));
#2013=PRESENTATION_STYLE_ASSIGNMENT((#2110));
#2014=PRESENTATION_STYLE_ASSIGNMENT((#2111));
#2015=PRESENTATION_STYLE_ASSIGNMENT((#2112));
#2016=PRESENTATION_STYLE_ASSIGNMENT((#2113));
#2017=PRESENTATION_STYLE_ASSIGNMENT((#2114));
#2018=PRESENTATION_STYLE_ASSIGNMENT((#2115));
#2019=PRESENTATION_STYLE_ASSIGNMENT((#2116));
#2020=PRESENTATION_STYLE_ASSIGNMENT((#2117));
#2021=PRESENTATION_STYLE_ASSIGNMENT((#2118));
#2022=PRESENTATION_STYLE_ASSIGNMENT((#2119));
#2023=PRESENTATION_STYLE_ASSIGNMENT((#2120));
#2024=PRESENTATION_STYLE_ASSIGNMENT((#2121));
#2025=PRESENTATION_STYLE_ASSIGNMENT((#2122));
#2026=PRESENTATION_STYLE_ASSIGNMENT((#2123));
#2027=PRESENTATION_STYLE_ASSIGNMENT((#2124));
#2028=PRESENTATION_STYLE_ASSIGNMENT((#2125));
#2029=PRESENTATION_STYLE_ASSIGNMENT((#2126));
#2030=SURFACE_STYLE_USAGE(.BOTH.,#2127);
#2031=SURFACE_STYLE_USAGE(.BOTH.,#2128);
#2032=SURFACE_STYLE_USAGE(.BOTH.,#2129);
#2033=SURFACE_STYLE_USAGE(.BOTH.,#2130);
#2034=SURFACE_STYLE_USAGE(.BOTH.,#2131);
#2035=SURFACE_STYLE_USAGE(.BOTH.,#2132);
#2036=SURFACE_STYLE_USAGE(.BOTH.,#2133);
#2037=SURFACE_STYLE_USAGE(.BOTH.,#2134);
#2038=SURFACE_STYLE_USAGE(.BOTH.,#2135);
#2039=SURFACE_STYLE_USAGE(.BOTH.,#2136);
#2040=SURFACE_STYLE_USAGE(.BOTH.,#2137);
#2041=SURFACE_STYLE_USAGE(.BOTH.,#2138);
#2042=SURFACE_STYLE_USAGE(.BOTH.,#2139);
#2043=SURFACE_STYLE_USAGE(.BOTH.,#2140);
#2044=SURFACE_STYLE_USAGE(.BOTH.,#2141);
#2045=SURFACE_STYLE_USAGE(.BOTH.,#2142);
#2046=SURFACE_STYLE_USAGE(.BOTH.,#2143);
#2047=SURFACE_STYLE_USAGE(.BOTH.,#2144);
#2048=SURFACE_STYLE_USAGE(.BOTH.,#2145);
#2049=SURFACE_STYLE_USAGE(.BOTH.,#2146);
#2050=SURFACE_STYLE_USAGE(.BOTH.,#2147);
#2051=SURFACE_STYLE_USAGE(.BOTH.,#2148);
#2052=SURFACE_STYLE_USAGE(.BOTH.,#2149);
#2053=SURFACE_STYLE_USAGE(.BOTH.,#2150);
#2054=SURFACE_STYLE_USAGE(.BOTH.,#2151);
#2055=SURFACE_STYLE_USAGE(.BOTH.,#2152);
#2056=SURFACE_STYLE_USAGE(.BOTH.,#2153);
#2057=SURFACE_STYLE_USAGE(.BOTH.,#2154);
#2058=SURFACE_STYLE_USAGE(.BOTH.,#2155);
#2059=SURFACE_STYLE_USAGE(.BOTH.,#2156);
#2060=SURFACE_STYLE_USAGE(.BOTH.,#2157);
#2061=SURFACE_STYLE_USAGE(.BOTH.,#2158);
#2062=SURFACE_STYLE_USAGE(.BOTH.,#2159);
#2063=SURFACE_STYLE_USAGE(.BOTH.,#2160);
#2064=SURFACE_STYLE_USAGE(.BOTH.,#2161);
#2065=SURFACE_STYLE_USAGE(.BOTH.,#2162);
#2066=SURFACE_STYLE_USAGE(.BOTH.,#2163);
#2067=SURFACE_STYLE_USAGE(.BOTH.,#2164);
#2068=SURFACE_STYLE_USAGE(.BOTH.,#2165);
#2069=SURFACE_STYLE_USAGE(.BOTH.,#2166);
#2070=SURFACE_STYLE_USAGE(.BOTH.,#2167);
#2071=SURFACE_STYLE_USAGE(.BOTH.,#2168);
#2072=SURFACE_STYLE_USAGE(.BOTH.,#2169);
#2073=SURFACE_STYLE_USAGE(.BOTH.,#2170);
#2074=SURFACE_STYLE_USAGE(.BOTH.,#2171);
#2075=SURFACE_STYLE_USAGE(.BOTH.,#2172);
#2076=SURFACE_STYLE_USAGE(.BOTH.,#2173);
#2077=SURFACE_STYLE_USAGE(.BOTH.,#2174);
#2078=SURFACE_STYLE_USAGE(.BOTH.,#2175);
#2079=SURFACE_STYLE_USAGE(.BOTH.,#2176);
#2080=SURFACE_STYLE_USAGE(.BOTH.,#2177);
#2081=SURFACE_STYLE_USAGE(.BOTH.,#2178);
#2082=SURFACE_STYLE_USAGE(.BOTH.,#2179);
#2083=SURFACE_STYLE_USAGE(.BOTH.,#2180);
#2084=SURFACE_STYLE_USAGE(.BOTH.,#2181);
#2085=SURFACE_STYLE_USAGE(.BOTH.,#2182);
#2086=SURFACE_STYLE_USAGE(.BOTH.,#2183);
#2087=SURFACE_STYLE_USAGE(.BOTH.,#2184);
#2088=SURFACE_STYLE_USAGE(.BOTH.,#2185);
#2089=SURFACE_STYLE_USAGE(.BOTH.,#2186);
#2090=SURFACE_STYLE_USAGE(.BOTH.,#2187);
#2091=SURFACE_STYLE_USAGE(.BOTH.,#2188);
#2092=SURFACE_STYLE_USAGE(.BOTH.,#2189);
#2093=SURFACE_STYLE_USAGE(.BOTH.,#2190);
#2094=SURFACE_STYLE_USAGE(.BOTH.,#2191);
#2095=SURFACE_STYLE_USAGE(.BOTH.,#2192);
#2096=SURFACE_STYLE_USAGE(.BOTH.,#2193);
#2097=SURFACE_STYLE_USAGE(.BOTH.,#2194);
#2098=SURFACE_STYLE_USAGE(.BOTH.,#2195);
#2099=SURFACE_STYLE_USAGE(.BOTH.,#2196);
#2100=SURFACE_STYLE_USAGE(.BOTH.,#2197);
#2101=SURFACE_STYLE_USAGE(.BOTH.,#2198);
#2102=SURFACE_STYLE_USAGE(.BOTH.,#2199);
#2103=SURFACE_STYLE_USAGE(.BOTH.,#2200);
#2104=SURFACE_STYLE_USAGE(.BOTH.,#2201);
#2105=SURFACE_STYLE_USAGE(.BOTH.,#2202);
#2106=SURFACE_STYLE_USAGE(.BOTH.,#2203);
#2107=SURFACE_STYLE_USAGE(.BOTH.,#2204);
#2108=SURFACE_STYLE_USAGE(.BOTH.,#2205);
#2109=SURFACE_STYLE_USAGE(.BOTH.,#2206);
#2110=SURFACE_STYLE_USAGE(.BOTH.,#2207);
#2111=SURFACE_STYLE_USAGE(.BOTH.,#2208);
#2112=SURFACE_STYLE_USAGE(.BOTH.,#2209);
#2113=SURFACE_STYLE_USAGE(.BOTH.,#2210);
#2114=SURFACE_STYLE_USAGE(.BOTH.,#2211);
#2115=SURFACE_STYLE_USAGE(.BOTH.,#2212);
#2116=SURFACE_STYLE_USAGE(.BOTH.,#2213);
#2117=SURFACE_STYLE_USAGE(.BOTH.,#2214);
#2118=SURFACE_STYLE_USAGE(.BOTH.,#2215);
#2119=SURFACE_STYLE_USAGE(.BOTH.,#2216);
#2120=SURFACE_STYLE_USAGE(.BOTH.,#2217);
#2121=SURFACE_STYLE_USAGE(.BOTH.,#2218);
#2122=SURFACE_STYLE_USAGE(.BOTH.,#2219);
#2123=SURFACE_STYLE_USAGE(.BOTH.,#2220);
#2124=SURFACE_STYLE_USAGE(.BOTH.,#2221);
#2125=SURFACE_STYLE_USAGE(.BOTH.,#2222);
#2126=SURFACE_STYLE_USAGE(.BOTH.,#2223);
#2127=SURFACE_SIDE_STYLE('',(#2224));
#2128=SURFACE_SIDE_STYLE('',(#2225));
#2129=SURFACE_SIDE_STYLE('',(#2226));
#2130=SURFACE_SIDE_STYLE('',(#2227));
#2131=SURFACE_SIDE_STYLE('',(#2228));
#2132=SURFACE_SIDE_STYLE('',(#2229));
#2133=SURFACE_SIDE_STYLE('',(#2230));
#2134=SURFACE_SIDE_STYLE('',(#2231));
#2135=SURFACE_SIDE_STYLE('',(#2232));
#2136=SURFACE_SIDE_STYLE('',(#2233));
#2137=SURFACE_SIDE_STYLE('',(#2234));
#2138=SURFACE_SIDE_STYLE('',(#2235));
#2139=SURFACE_SIDE_STYLE('',(#2236));
#2140=SURFACE_SIDE_STYLE('',(#2237));
#2141=SURFACE_SIDE_STYLE('',(#2238));
#2142=SURFACE_SIDE_STYLE('',(#2239));
#2143=SURFACE_SIDE_STYLE('',(#2240));
#2144=SURFACE_SIDE_STYLE('',(#2241));
#2145=SURFACE_SIDE_STYLE('',(#2242));
#2146=SURFACE_SIDE_STYLE('',(#2243));
#2147=SURFACE_SIDE_STYLE('',(#2244));
#2148=SURFACE_SIDE_STYLE('',(#2245));
#2149=SURFACE_SIDE_STYLE('',(#2246));
#2150=SURFACE_SIDE_STYLE('',(#2247));
#2151=SURFACE_SIDE_STYLE('',(#2248));
#2152=SURFACE_SIDE_STYLE('',(#2249));
#2153=SURFACE_SIDE_STYLE('',(#2250));
#2154=SURFACE_SIDE_STYLE('',(#2251));
#2155=SURFACE_SIDE_STYLE('',(#2252));
#2156=SURFACE_SIDE_STYLE('',(#2253));
#2157=SURFACE_SIDE_STYLE('',(#2254));
#2158=SURFACE_SIDE_STYLE('',(#2255));
#2159=SURFACE_SIDE_STYLE('',(#2256));
#2160=SURFACE_SIDE_STYLE('',(#2257));
#2161=SURFACE_SIDE_STYLE('',(#2258));
#2162=SURFACE_SIDE_STYLE('',(#2259));
#2163=SURFACE_SIDE_STYLE('',(#2260));
#2164=SURFACE_SIDE_STYLE('',(#2261));
#2165=SURFACE_SIDE_STYLE('',(#2262));
#2166=SURFACE_SIDE_STYLE('',(#2263));
#2167=SURFACE_SIDE_STYLE('',(#2264));
#2168=SURFACE_SIDE_STYLE('',(#2265));
#2169=SURFACE_SIDE_STYLE('',(#2266));
#2170=SURFACE_SIDE_STYLE('',(#2267));
#2171=SURFACE_SIDE_STYLE('',(#2268));
#2172=SURFACE_SIDE_STYLE('',(#2269));
#2173=SURFACE_SIDE_STYLE('',(#2270));
#2174=SURFACE_SIDE_STYLE('',(#2271));
#2175=SURFACE_SIDE_STYLE('',(#2272));
#2176=SURFACE_SIDE_STYLE('',(#2273));
#2177=SURFACE_SIDE_STYLE('',(#2274));
#2178=SURFACE_SIDE_STYLE('',(#2275));
#2179=SURFACE_SIDE_STYLE('',(#2276));
#2180=SURFACE_SIDE_STYLE('',(#2277));
#2181=SURFACE_SIDE_STYLE('',(#2278));
#2182=SURFACE_SIDE_STYLE('',(#2279));
#2183=SURFACE_SIDE_STYLE('',(#2280));
#2184=SURFACE_SIDE_STYLE('',(#2281));
#2185=SURFACE_SIDE_STYLE('',(#2282));
#2186=SURFACE_SIDE_STYLE('',(#2283));
#2187=SURFACE_SIDE_STYLE('',(#2284));
#2188=SURFACE_SIDE_STYLE('',(#2285));
#2189=SURFACE_SIDE_STYLE('',(#2286));
#2190=SURFACE_SIDE_STYLE('',(#2287));
#2191=SURFACE_SIDE_STYLE('',(#2288));
#2192=SURFACE_SIDE_STYLE('',(#2289));
#2193=SURFACE_SIDE_STYLE('',(#2290));
#2194=SURFACE_SIDE_STYLE('',(#2291));
#2195=SURFACE_SIDE_STYLE('',(#2292));
#2196=SURFACE_SIDE_STYLE('',(#2293));
#2197=SURFACE_SIDE_STYLE('',(#2294));
#2198=SURFACE_SIDE_STYLE('',(#2295));
#2199=SURFACE_SIDE_STYLE('',(#2296));
#2200=SURFACE_SIDE_STYLE('',(#2297));
#2201=SURFACE_SIDE_STYLE('',(#2298));
#2202=SURFACE_SIDE_STYLE('',(#2299));
#2203=SURFACE_SIDE_STYLE('',(#2300));
#2204=SURFACE_SIDE_STYLE('',(#2301));
#2205=SURFACE_SIDE_STYLE('',(#2302));
#2206=SURFACE_SIDE_STYLE('',(#2303));
#2207=SURFACE_SIDE_STYLE('',(#2304));
#2208=SURFACE_SIDE_STYLE('',(#2305));
#2209=SURFACE_SIDE_STYLE('',(#2306));
#2210=SURFACE_SIDE_STYLE('',(#2307));
#2211=SURFACE_SIDE_STYLE('',(#2308));
#2212=SURFACE_SIDE_STYLE('',(#2309));
#2213=SURFACE_SIDE_STYLE('',(#2310));
#2214=SURFACE_SIDE_STYLE('',(#2311));
#2215=SURFACE_SIDE_STYLE('',(#2312));
#2216=SURFACE_SIDE_STYLE('',(#2313));
#2217=SURFACE_SIDE_STYLE('',(#2314));
#2218=SURFACE_SIDE_STYLE('',(#2315));
#2219=SURFACE_SIDE_STYLE('',(#2316));
#2220=SURFACE_SIDE_STYLE('',(#2317));
#2221=SURFACE_SIDE_STYLE('',(#2318));
#2222=SURFACE_SIDE_STYLE('',(#2319));
#2223=SURFACE_SIDE_STYLE('',(#2320));
#2224=SURFACE_STYLE_FILL_AREA(#2321);
#2225=SURFACE_STYLE_FILL_AREA(#2322);
#2226=SURFACE_STYLE_FILL_AREA(#2323);
#2227=SURFACE_STYLE_FILL_AREA(#2324);
#2228=SURFACE_STYLE_FILL_AREA(#2325);
#2229=SURFACE_STYLE_FILL_AREA(#2326);
#2230=SURFACE_STYLE_FILL_AREA(#2327);
#2231=SURFACE_STYLE_FILL_AREA(#2328);
#2232=SURFACE_STYLE_FILL_AREA(#2329);
#2233=SURFACE_STYLE_FILL_AREA(#2330);
#2234=SURFACE_STYLE_FILL_AREA(#2331);
#2235=SURFACE_STYLE_FILL_AREA(#2332);
#2236=SURFACE_STYLE_FILL_AREA(#2333);
#2237=SURFACE_STYLE_FILL_AREA(#2334);
#2238=SURFACE_STYLE_FILL_AREA(#2335);
#2239=SURFACE_STYLE_FILL_AREA(#2336);
#2240=SURFACE_STYLE_FILL_AREA(#2337);
#2241=SURFACE_STYLE_FILL_AREA(#2338);
#2242=SURFACE_STYLE_FILL_AREA(#2339);
#2243=SURFACE_STYLE_FILL_AREA(#2340);
#2244=SURFACE_STYLE_FILL_AREA(#2341);
#2245=SURFACE_STYLE_FILL_AREA(#2342);
#2246=SURFACE_STYLE_FILL_AREA(#2343);
#2247=SURFACE_STYLE_FILL_AREA(#2344);
#2248=SURFACE_STYLE_FILL_AREA(#2345);
#2249=SURFACE_STYLE_FILL_AREA(#2346);
#2250=SURFACE_STYLE_FILL_AREA(#2347);
#2251=SURFACE_STYLE_FILL_AREA(#2348);
#2252=SURFACE_STYLE_FILL_AREA(#2349);
#2253=SURFACE_STYLE_FILL_AREA(#2350);
#2254=SURFACE_STYLE_FILL_AREA(#2351);
#2255=SURFACE_STYLE_FILL_AREA(#2352);
#2256=SURFACE_STYLE_FILL_AREA(#2353);
#2257=SURFACE_STYLE_FILL_AREA(#2354);
#2258=SURFACE_STYLE_FILL_AREA(#2355);
#2259=SURFACE_STYLE_FILL_AREA(#2356);
#2260=SURFACE_STYLE_FILL_AREA(#2357);
#2261=SURFACE_STYLE_FILL_AREA(#2358);
#2262=SURFACE_STYLE_FILL_AREA(#2359);
#2263=SURFACE_STYLE_FILL_AREA(#2360);
#2264=SURFACE_STYLE_FILL_AREA(#2361);
#2265=SURFACE_STYLE_FILL_AREA(#2362);
#2266=SURFACE_STYLE_FILL_AREA(#2363);
#2267=SURFACE_STYLE_FILL_AREA(#2364);
#2268=SURFACE_STYLE_FILL_AREA(#2365);
#2269=SURFACE_STYLE_FILL_AREA(#2366);
#2270=SURFACE_STYLE_FILL_AREA(#2367);
#2271=SURFACE_STYLE_FILL_AREA(#2368);
#2272=SURFACE_STYLE_FILL_AREA(#2369);
#2273=SURFACE_STYLE_FILL_AREA(#2370);
#2274=SURFACE_STYLE_FILL_AREA(#2371);
#2275=SURFACE_STYLE_FILL_AREA(#2372);
#2276=SURFACE_STYLE_FILL_AREA(#2373);
#2277=SURFACE_STYLE_FILL_AREA(#2374);
#2278=SURFACE_STYLE_FILL_AREA(#2375);
#2279=SURFACE_STYLE_FILL_AREA(#2376);
#2280=SURFACE_STYLE_FILL_AREA(#2377);
#2281=SURFACE_STYLE_FILL_AREA(#2378);
#2282=SURFACE_STYLE_FILL_AREA(#2379);
#2283=SURFACE_STYLE_FILL_AREA(#2380);
#2284=SURFACE_STYLE_FILL_AREA(#2381);
#2285=SURFACE_STYLE_FILL_AREA(#2382);
#2286=SURFACE_STYLE_FILL_AREA(#2383);
#2287=SURFACE_STYLE_FILL_AREA(#2384);
#2288=SURFACE_STYLE_FILL_AREA(#2385);
#2289=SURFACE_STYLE_FILL_AREA(#2386);
#2290=SURFACE_STYLE_FILL_AREA(#2387);
#2291=SURFACE_STYLE_FILL_AREA(#2388);
#2292=SURFACE_STYLE_FILL_AREA(#2389);
#2293=SURFACE_STYLE_FILL_AREA(#2390);
#2294=SURFACE_STYLE_FILL_AREA(#2391);
#2295=SURFACE_STYLE_FILL_AREA(#2392);
#2296=SURFACE_STYLE_FILL_AREA(#2393);
#2297=SURFACE_STYLE_FILL_AREA(#2394);
#2298=SURFACE_STYLE_FILL_AREA(#2395);
#2299=SURFACE_STYLE_FILL_AREA(#2396);
#2300=SURFACE_STYLE_FILL_AREA(#2397);
#2301=SURFACE_STYLE_FILL_AREA(#2398);
#2302=SURFACE_STYLE_FILL_AREA(#2399);
#2303=SURFACE_STYLE_FILL_AREA(#2400);
#2304=SURFACE_STYLE_FILL_AREA(#2401);
#2305=SURFACE_STYLE_FILL_AREA(#2402);
#2306=SURFACE_STYLE_FILL_AREA(#2403);
#2307=SURFACE_STYLE_FILL_AREA(#2404);
#2308=SURFACE_STYLE_FILL_AREA(#2405);
#2309=SURFACE_STYLE_FILL_AREA(#2406);
#2310=SURFACE_STYLE_FILL_AREA(#2407);
#2311=SURFACE_STYLE_FILL_AREA(#2408);
#2312=SURFACE_STYLE_FILL_AREA(#2409);
#2313=SURFACE_STYLE_FILL_AREA(#2410);
#2314=SURFACE_STYLE_FILL_AREA(#2411);
#2315=SURFACE_STYLE_FILL_AREA(#2412);
#2316=SURFACE_STYLE_FILL_AREA(#2413);
#2317=SURFACE_STYLE_FILL_AREA(#2414);
#2318=SURFACE_STYLE_FILL_AREA(#2415);
#2319=SURFACE_STYLE_FILL_AREA(#2416);
#2320=SURFACE_STYLE_FILL_AREA(#2417);
#2321=FILL_AREA_STYLE('',(#2418));
#2322=FILL_AREA_STYLE('',(#2419));
#2323=FILL_AREA_STYLE('',(#2420));
#2324=FILL_AREA_STYLE('',(#2421));
#2325=FILL_AREA_STYLE('',(#2422));
#2326=FILL_AREA_STYLE('',(#2423));
#2327=FILL_AREA_STYLE('',(#2424));
#2328=FILL_AREA_STYLE('',(#2425));
#2329=FILL_AREA_STYLE('',(#2426));
#2330=FILL_AREA_STYLE('',(#2427));
#2331=FILL_AREA_STYLE('',(#2428));
#2332=FILL_AREA_STYLE('',(#2429));
#2333=FILL_AREA_STYLE('',(#2430));
#2334=FILL_AREA_STYLE('',(#2431));
#2335=FILL_AREA_STYLE('',(#2432));
#2336=FILL_AREA_STYLE('',(#2433));
#2337=FILL_AREA_STYLE('',(#2434));
#2338=FILL_AREA_STYLE('',(#2435));
#2339=FILL_AREA_STYLE('',(#2436));
#2340=FILL_AREA_STYLE('',(#2437));
#2341=FILL_AREA_STYLE('',(#2438));
#2342=FILL_AREA_STYLE('',(#2439));
#2343=FILL_AREA_STYLE('',(#2440));
#2344=FILL_AREA_STYLE('',(#2441));
#2345=FILL_AREA_STYLE('',(#2442));
#2346=FILL_AREA_STYLE('',(#2443));
#2347=FILL_AREA_STYLE('',(#2444));
#2348=FILL_AREA_STYLE('',(#2445));
#2349=FILL_AREA_STYLE('',(#2446));
#2350=FILL_AREA_STYLE('',(#2447));
#2351=FILL_AREA_STYLE('',(#2448));
#2352=FILL_AREA_STYLE('',(#2449));
#2353=FILL_AREA_STYLE('',(#2450));
#2354=FILL_AREA_STYLE('',(#2451));
#2355=FILL_AREA_STYLE('',(#2452));
#2356=FILL_AREA_STYLE('',(#2453));
#2357=FILL_AREA_STYLE('',(#2454));
#2358=FILL_AREA_STYLE('',(#2455));
#2359=FILL_AREA_STYLE('',(#2456));
#2360=FILL_AREA_STYLE('',(#2457));
#2361=FILL_AREA_STYLE('',(#2458));
#2362=FILL_AREA_STYLE('',(#2459));
#2363=FILL_AREA_STYLE('',(#2460));
#2364=FILL_AREA_STYLE('',(#2461));
#2365=FILL_AREA_STYLE('',(#2462));
#2366=FILL_AREA_STYLE('',(#2463));
#2367=FILL_AREA_STYLE('',(#2464));
#2368=FILL_AREA_STYLE('',(#2465));
#2369=FILL_AREA_STYLE('',(#2466));
#2370=FILL_AREA_STYLE('',(#2467));
#2371=FILL_AREA_STYLE('',(#2468));
#2372=FILL_AREA_STYLE('',(#2469));
#2373=FILL_AREA_STYLE('',(#2470));
#2374=FILL_AREA_STYLE('',(#2471));
#2375=FILL_AREA_STYLE('',(#2472));
#2376=FILL_AREA_STYLE('',(#2473));
#2377=FILL_AREA_STYLE('',(#2474));
#2378=FILL_AREA_STYLE('',(#2475));
#2379=FILL_AREA_STYLE('',(#2476));
#2380=FILL_AREA_STYLE('',(#2477));
#2381=FILL_AREA_STYLE('',(#2478));
#2382=FILL_AREA_STYLE('',(#2479));
#2383=FILL_AREA_STYLE('',(#2480));
#2384=FILL_AREA_STYLE('',(#2481));
#2385=FILL_AREA_STYLE('',(#2482));
#2386=FILL_AREA_STYLE('',(#2483));
#2387=FILL_AREA_STYLE('',(#2484));
#2388=FILL_AREA_STYLE('',(#2485));
#2389=FILL_AREA_STYLE('',(#2486));
#2390=FILL_AREA_STYLE('',(#2487));
#2391=FILL_AREA_STYLE('',(#2488));
#2392=FILL_AREA_STYLE('',(#2489));
#2393=FILL_AREA_STYLE('',(#2490));
#2394=FILL_AREA_STYLE('',(#2491));
#2395=FILL_AREA_STYLE('',(#2492));
#2396=FILL_AREA_STYLE('',(#2493));
#2397=FILL_AREA_STYLE('',(#2494));
#2398=FILL_AREA_STYLE('',(#2495));
#2399=FILL_AREA_STYLE('',(#2496));
#2400=FILL_AREA_STYLE('',(#2497));
#2401=FILL_AREA_STYLE('',(#2498));
#2402=FILL_AREA_STYLE('',(#2499));
#2403=FILL_AREA_STYLE('',(#2500));
#2404=FILL_AREA_STYLE('',(#2501));
#2405=FILL_AREA_STYLE('',(#2502));
#2406=FILL_AREA_STYLE('',(#2503));
#2407=FILL_AREA_STYLE('',(#2504));
#2408=FILL_AREA_STYLE('',(#2505));
#2409=FILL_AREA_STYLE('',(#2506));
#2410=FILL_AREA_STYLE('',(#2507));
#2411=FILL_AREA_STYLE('',(#2508));
#2412=FILL_AREA_STYLE('',(#2509));
#2413=FILL_AREA_STYLE('',(#2510));
#2414=FILL_AREA_STYLE('',(#2511));
#2415=FILL_AREA_STYLE('',(#2512));
#2416=FILL_AREA_STYLE('',(#2513));
#2417=FILL_AREA_STYLE('',(#2514));
#2418=FILL_AREA_STYLE_COLOUR('',#2515);
#2419=FILL_AREA_STYLE_COLOUR('',#2515);
#2420=FILL_AREA_STYLE_COLOUR('',#2515);
#2421=FILL_AREA_STYLE_COLOUR('',#2515);
#2422=FILL_AREA_STYLE_COLOUR('',#2515);
#2423=FILL_AREA_STYLE_COLOUR('',#2515);
#2424=FILL_AREA_STYLE_COLOUR('',#2515);
#2425=FILL_AREA_STYLE_COLOUR('',#2515);
#2426=FILL_AREA_STYLE_COLOUR('',#2515);
#2427=FILL_AREA_STYLE_COLOUR('',#2515);
#2428=FILL_AREA_STYLE_COLOUR('',#2516);
#2429=FILL_AREA_STYLE_COLOUR('',#2516);
#2430=FILL_AREA_STYLE_COLOUR('',#2516);
#2431=FILL_AREA_STYLE_COLOUR('',#2516);
#2432=FILL_AREA_STYLE_COLOUR('',#2516);
#2433=FILL_AREA_STYLE_COLOUR('',#2516);
#2434=FILL_AREA_STYLE_COLOUR('',#2516);
#2435=FILL_AREA_STYLE_COLOUR('',#2516);
#2436=FILL_AREA_STYLE_COLOUR('',#2516);
#2437=FILL_AREA_STYLE_COLOUR('',#2516);
#2438=FILL_AREA_STYLE_COLOUR('',#2516);
#2439=FILL_AREA_STYLE_COLOUR('',#2516);
#2440=FILL_AREA_STYLE_COLOUR('',#2516);
#2441=FILL_AREA_STYLE_COLOUR('',#2516);
#2442=FILL_AREA_STYLE_COLOUR('',#2516);
#2443=FILL_AREA_STYLE_COLOUR('',#2516);
#2444=FILL_AREA_STYLE_COLOUR('',#2516);
#2445=FILL_AREA_STYLE_COLOUR('',#2516);
#2446=FILL_AREA_STYLE_COLOUR('',#2516);
#2447=FILL_AREA_STYLE_COLOUR('',#2516);
#2448=FILL_AREA_STYLE_COLOUR('',#2516);
#2449=FILL_AREA_STYLE_COLOUR('',#2516);
#2450=FILL_AREA_STYLE_COLOUR('',#2516);
#2451=FILL_AREA_STYLE_COLOUR('',#2516);
#2452=FILL_AREA_STYLE_COLOUR('',#2516);
#2453=FILL_AREA_STYLE_COLOUR('',#2516);
#2454=FILL_AREA_STYLE_COLOUR('',#2516);
#2455=FILL_AREA_STYLE_COLOUR('',#2516);
#2456=FILL_AREA_STYLE_COLOUR('',#2516);
#2457=FILL_AREA_STYLE_COLOUR('',#2516);
#2458=FILL_AREA_STYLE_COLOUR('',#2516);
#2459=FILL_AREA_STYLE_COLOUR('',#2516);
#2460=FILL_AREA_STYLE_COLOUR('',#2516);
#2461=FILL_AREA_STYLE_COLOUR('',#2516);
#2462=FILL_AREA_STYLE_COLOUR('',#2516);
#2463=FILL_AREA_STYLE_COLOUR('',#2516);
#2464=FILL_AREA_STYLE_COLOUR('',#2516);
#2465=FILL_AREA_STYLE_COLOUR('',#2516);
#2466=FILL_AREA_STYLE_COLOUR('',#2516);
#2467=FILL_AREA_STYLE_COLOUR('',#2516);
#2468=FILL_AREA_STYLE_COLOUR('',#2516);
#2469=FILL_AREA_STYLE_COLOUR('',#2516);
#2470=FILL_AREA_STYLE_COLOUR('',#2516);
#2471=FILL_AREA_STYLE_COLOUR('',#2516);
#2472=FILL_AREA_STYLE_COLOUR('',#2516);
#2473=FILL_AREA_STYLE_COLOUR('',#2516);
#2474=FILL_AREA_STYLE_COLOUR('',#2516);
#2475=FILL_AREA_STYLE_COLOUR('',#2516);
#2476=FILL_AREA_STYLE_COLOUR('',#2516);
#2477=FILL_AREA_STYLE_COLOUR('',#2516);
#2478=FILL_AREA_STYLE_COLOUR('',#2516);
#2479=FILL_AREA_STYLE_COLOUR('',#2516);
#2480=FILL_AREA_STYLE_COLOUR('',#2516);
#2481=FILL_AREA_STYLE_COLOUR('',#2516);
#2482=FILL_AREA_STYLE_COLOUR('',#2516);
#2483=FILL_AREA_STYLE_COLOUR('',#2516);
#2484=FILL_AREA_STYLE_COLOUR('',#2516);
#2485=FILL_AREA_STYLE_COLOUR('',#2516);
#2486=FILL_AREA_STYLE_COLOUR('',#2516);
#2487=FILL_AREA_STYLE_COLOUR('',#2516);
#2488=FILL_AREA_STYLE_COLOUR('',#2516);
#2489=FILL_AREA_STYLE_COLOUR('',#2516);
#2490=FILL_AREA_STYLE_COLOUR('',#2516);
#2491=FILL_AREA_STYLE_COLOUR('',#2516);
#2492=FILL_AREA_STYLE_COLOUR('',#2516);
#2493=FILL_AREA_STYLE_COLOUR('',#2516);
#2494=FILL_AREA_STYLE_COLOUR('',#2516);
#2495=FILL_AREA_STYLE_COLOUR('',#2516);
#2496=FILL_AREA_STYLE_COLOUR('',#2516);
#2497=FILL_AREA_STYLE_COLOUR('',#2516);
#2498=FILL_AREA_STYLE_COLOUR('',#2516);
#2499=FILL_AREA_STYLE_COLOUR('',#2516);
#2500=FILL_AREA_STYLE_COLOUR('',#2516);
#2501=FILL_AREA_STYLE_COLOUR('',#2516);
#2502=FILL_AREA_STYLE_COLOUR('',#2516);
#2503=FILL_AREA_STYLE_COLOUR('',#2515);
#2504=FILL_AREA_STYLE_COLOUR('',#2515);
#2505=FILL_AREA_STYLE_COLOUR('',#2515);
#2506=FILL_AREA_STYLE_COLOUR('',#2515);
#2507=FILL_AREA_STYLE_COLOUR('',#2515);
#2508=FILL_AREA_STYLE_COLOUR('',#2515);
#2509=FILL_AREA_STYLE_COLOUR('',#2515);
#2510=FILL_AREA_STYLE_COLOUR('',#2515);
#2511=FILL_AREA_STYLE_COLOUR('',#2515);
#2512=FILL_AREA_STYLE_COLOUR('',#2515);
#2513=FILL_AREA_STYLE_COLOUR('',#2515);
#2514=FILL_AREA_STYLE_COLOUR('',#2515);
#2515=COLOUR_RGB('',0.200000002980232,0.200000002980232,0.200000002980232);
#2516=COLOUR_RGB('',0.699999988079071,0.699999988079071,0.699999988079071);
#2517=ADVANCED_FACE('',(#1655),#1752,.F.);
#2518=ADVANCED_FACE('',(#1656),#1753,.F.);
#2519=ADVANCED_FACE('',(#1657),#1754,.F.);
#2520=ADVANCED_FACE('',(#1658),#1755,.F.);
#2521=ADVANCED_FACE('',(#1659),#1756,.F.);
#2522=ADVANCED_FACE('',(#1660),#1757,.F.);
#2523=ADVANCED_FACE('',(#1661),#1758,.F.);
#2524=ADVANCED_FACE('',(#1662),#1759,.F.);
#2525=ADVANCED_FACE('',(#1663),#1760,.F.);
#2526=ADVANCED_FACE('',(#1664),#1761,.T.);
#2527=ADVANCED_FACE('',(#1665),#1762,.T.);
#2528=ADVANCED_FACE('',(#1666),#1763,.F.);
#2529=ADVANCED_FACE('',(#1667),#1764,.F.);
#2530=ADVANCED_FACE('',(#1668),#1765,.F.);
#2531=ADVANCED_FACE('',(#1669),#1766,.F.);
#2532=ADVANCED_FACE('',(#1670),#1767,.F.);
#2533=ADVANCED_FACE('',(#1671),#1768,.F.);
#2534=ADVANCED_FACE('',(#1672),#1769,.F.);
#2535=ADVANCED_FACE('',(#1673),#1770,.F.);
#2536=ADVANCED_FACE('',(#1674),#1771,.F.);
#2537=ADVANCED_FACE('',(#1675),#1772,.F.);
#2538=ADVANCED_FACE('',(#1676),#24,.F.);
#2539=ADVANCED_FACE('',(#1677),#1773,.F.);
#2540=ADVANCED_FACE('',(#1678),#1774,.F.);
#2541=ADVANCED_FACE('',(#1679),#1775,.F.);
#2542=ADVANCED_FACE('',(#1680),#1776,.F.);
#2543=ADVANCED_FACE('',(#1681),#1777,.F.);
#2544=ADVANCED_FACE('',(#1682),#1778,.F.);
#2545=ADVANCED_FACE('',(#1683),#1779,.F.);
#2546=ADVANCED_FACE('',(#1684),#1780,.T.);
#2547=ADVANCED_FACE('',(#1685),#1781,.F.);
#2548=ADVANCED_FACE('',(#1686),#1782,.F.);
#2549=ADVANCED_FACE('',(#1687),#1783,.F.);
#2550=ADVANCED_FACE('',(#1688),#1784,.F.);
#2551=ADVANCED_FACE('',(#1689),#1785,.F.);
#2552=ADVANCED_FACE('',(#1690),#1786,.F.);
#2553=ADVANCED_FACE('',(#1691),#1787,.F.);
#2554=ADVANCED_FACE('',(#1692),#1788,.F.);
#2555=ADVANCED_FACE('',(#1693),#1789,.F.);
#2556=ADVANCED_FACE('',(#1694),#1790,.F.);
#2557=ADVANCED_FACE('',(#1695),#1791,.F.);
#2558=ADVANCED_FACE('',(#1696),#1792,.F.);
#2559=ADVANCED_FACE('',(#1697),#1793,.F.);
#2560=ADVANCED_FACE('',(#1698),#1794,.F.);
#2561=ADVANCED_FACE('',(#1699),#1795,.F.);
#2562=ADVANCED_FACE('',(#1700),#1796,.F.);
#2563=ADVANCED_FACE('',(#1701),#1797,.F.);
#2564=ADVANCED_FACE('',(#1702),#1798,.T.);
#2565=ADVANCED_FACE('',(#1703),#1799,.F.);
#2566=ADVANCED_FACE('',(#1704),#1800,.F.);
#2567=ADVANCED_FACE('',(#1705),#1801,.F.);
#2568=ADVANCED_FACE('',(#1706),#1802,.F.);
#2569=ADVANCED_FACE('',(#1707),#1803,.T.);
#2570=ADVANCED_FACE('',(#1708),#1804,.F.);
#2571=ADVANCED_FACE('',(#1709),#1805,.F.);
#2572=ADVANCED_FACE('',(#1710),#1806,.F.);
#2573=ADVANCED_FACE('',(#1711),#1807,.F.);
#2574=ADVANCED_FACE('',(#1712),#1808,.F.);
#2575=ADVANCED_FACE('',(#1713),#1809,.T.);
#2576=ADVANCED_FACE('',(#1714),#1810,.T.);
#2577=ADVANCED_FACE('',(#1715),#1811,.T.);
#2578=ADVANCED_FACE('',(#1716),#1812,.T.);
#2579=ADVANCED_FACE('',(#1717),#1813,.F.);
#2580=ADVANCED_FACE('',(#1718),#1814,.T.);
#2581=ADVANCED_FACE('',(#1719),#1815,.T.);
#2582=ADVANCED_FACE('',(#1720),#1816,.T.);
#2583=ADVANCED_FACE('',(#1721),#1817,.T.);
#2584=ADVANCED_FACE('',(#1722),#1818,.F.);
#2585=ADVANCED_FACE('',(#1723),#1819,.T.);
#2586=ADVANCED_FACE('',(#1724),#1820,.T.);
#2587=ADVANCED_FACE('',(#1725),#1821,.T.);
#2588=ADVANCED_FACE('',(#1726),#1822,.T.);
#2589=ADVANCED_FACE('',(#1727),#1823,.F.);
#2590=ADVANCED_FACE('',(#1728),#1824,.F.);
#2591=ADVANCED_FACE('',(#1729),#1825,.F.);
#2592=ADVANCED_FACE('',(#1730),#1826,.F.);
#2593=ADVANCED_FACE('',(#1731),#1827,.F.);
#2594=ADVANCED_FACE('',(#1732),#1828,.F.);
#2595=ADVANCED_FACE('',(#1733),#1829,.F.);
#2596=ADVANCED_FACE('',(#1734),#1830,.F.);
#2597=ADVANCED_FACE('',(#1735),#1831,.F.);
#2598=ADVANCED_FACE('',(#1736),#1832,.F.);
#2599=ADVANCED_FACE('',(#1737),#1833,.F.);
#2600=ADVANCED_FACE('',(#1738),#1834,.F.);
#2601=ADVANCED_FACE('',(#1739),#1835,.F.);
#2602=ADVANCED_FACE('',(#1740),#25,.T.);
#2603=ADVANCED_FACE('',(#1741),#20,.T.);
#2604=ADVANCED_FACE('',(#1742),#26,.T.);
#2605=ADVANCED_FACE('',(#1743),#27,.T.);
#2606=ADVANCED_FACE('',(#1744),#28,.T.);
#2607=ADVANCED_FACE('',(#1745),#29,.T.);
#2608=ADVANCED_FACE('',(#1746),#21,.T.);
#2609=ADVANCED_FACE('',(#1747),#22,.T.);
#2610=ADVANCED_FACE('',(#1748),#30,.T.);
#2611=ADVANCED_FACE('',(#1749),#31,.T.);
#2612=ADVANCED_FACE('',(#1750),#23,.T.);
#2613=ADVANCED_FACE('',(#1751),#32,.T.);
#2614=CLOSED_SHELL('',(#2517,#2518,#2519,#2520,#2521,#2522,#2523,#2524,
#2525,#2526,#2527,#2528,#2529,#2530,#2531,#2532,#2533,#2534,#2535,#2536,
#2537,#2538,#2539,#2540,#2541,#2542,#2543,#2544,#2545,#2546,#2547,#2548,
#2549,#2550,#2551,#2552,#2553,#2554,#2555,#2556,#2557,#2558,#2559,#2560,
#2561,#2562,#2563,#2564,#2565,#2566,#2567,#2568,#2569,#2570,#2571,#2572,
#2573,#2574,#2575,#2576,#2577,#2578,#2579,#2580,#2581,#2582,#2583,#2584,
#2585,#2586,#2587,#2588,#2589,#2590,#2591,#2592,#2593,#2594,#2595,#2596,
#2597,#2598,#2599,#2600,#2601,#2602,#2603,#2604,#2605,#2606,#2607,#2608,
#2609,#2610,#2611,#2612,#2613));
#2615=MANIFOLD_SOLID_BREP('',#2614);
#2616=SHAPE_DEFINITION_REPRESENTATION(#3776,#2617);
#2617=SHAPE_REPRESENTATION('AP63357DV-7',(#2618),#3771);
#2618=AXIS2_PLACEMENT_3D('',#3221,#2734,#2735);
#2619=AXIS2_PLACEMENT_3D('',#3222,#2736,#2737);
#2620=AXIS2_PLACEMENT_3D('',#3279,#2766,#2767);
#2621=AXIS2_PLACEMENT_3D('',#3296,#2776,#2777);
#2622=AXIS2_PLACEMENT_3D('',#3353,#2806,#2807);
#2623=AXIS2_PLACEMENT_3D('',#3354,#2808,#2809);
#2624=AXIS2_PLACEMENT_3D('',#3375,#2822,#2823);
#2625=AXIS2_PLACEMENT_3D('',#3379,#2825,#2826);
#2626=AXIS2_PLACEMENT_3D('',#3399,#2838,#2839);
#2627=AXIS2_PLACEMENT_3D('',#3402,#2841,#2842);
#2628=AXIS2_PLACEMENT_3D('',#3408,#2846,#2847);
#2629=AXIS2_PLACEMENT_3D('',#3414,#2851,#2852);
#2630=AXIS2_PLACEMENT_3D('',#3420,#2856,#2857);
#2631=AXIS2_PLACEMENT_3D('',#3426,#2861,#2862);
#2632=AXIS2_PLACEMENT_3D('',#3432,#2866,#2867);
#2633=AXIS2_PLACEMENT_3D('',#3438,#2871,#2872);
#2634=AXIS2_PLACEMENT_3D('',#3447,#2877,#2878);
#2635=AXIS2_PLACEMENT_3D('',#3456,#2883,#2884);
#2636=AXIS2_PLACEMENT_3D('',#3461,#2888,#2889);
#2637=AXIS2_PLACEMENT_3D('',#3463,#2891,#2892);
#2638=AXIS2_PLACEMENT_3D('',#3467,#2895,#2896);
#2639=AXIS2_PLACEMENT_3D('',#3469,#2898,#2899);
#2640=AXIS2_PLACEMENT_3D('',#3481,#2905,#2906);
#2641=AXIS2_PLACEMENT_3D('',#3496,#2914,#2915);
#2642=AXIS2_PLACEMENT_3D('',#3501,#2919,#2920);
#2643=AXIS2_PLACEMENT_3D('',#3503,#2922,#2923);
#2644=AXIS2_PLACEMENT_3D('',#3507,#2926,#2927);
#2645=AXIS2_PLACEMENT_3D('',#3511,#2930,#2931);
#2646=AXIS2_PLACEMENT_3D('',#3514,#2934,#2935);
#2647=AXIS2_PLACEMENT_3D('',#3516,#2937,#2938);
#2648=AXIS2_PLACEMENT_3D('',#3518,#2940,#2941);
#2649=AXIS2_PLACEMENT_3D('',#3522,#2944,#2945);
#2650=AXIS2_PLACEMENT_3D('',#3526,#2948,#2949);
#2651=AXIS2_PLACEMENT_3D('',#3529,#2952,#2953);
#2652=AXIS2_PLACEMENT_3D('',#3531,#2955,#2956);
#2653=AXIS2_PLACEMENT_3D('',#3535,#2959,#2960);
#2654=AXIS2_PLACEMENT_3D('',#3537,#2962,#2963);
#2655=AXIS2_PLACEMENT_3D('',#3546,#2968,#2969);
#2656=AXIS2_PLACEMENT_3D('',#3551,#2973,#2974);
#2657=AXIS2_PLACEMENT_3D('',#3553,#2976,#2977);
#2658=AXIS2_PLACEMENT_3D('',#3557,#2980,#2981);
#2659=AXIS2_PLACEMENT_3D('',#3559,#2983,#2984);
#2660=AXIS2_PLACEMENT_3D('',#3584,#2997,#2998);
#2661=AXIS2_PLACEMENT_3D('',#3589,#3002,#3003);
#2662=AXIS2_PLACEMENT_3D('',#3591,#3005,#3006);
#2663=AXIS2_PLACEMENT_3D('',#3595,#3009,#3010);
#2664=AXIS2_PLACEMENT_3D('',#3599,#3013,#3014);
#2665=AXIS2_PLACEMENT_3D('',#3602,#3017,#3018);
#2666=AXIS2_PLACEMENT_3D('',#3604,#3020,#3021);
#2667=AXIS2_PLACEMENT_3D('',#3608,#3024,#3025);
#2668=AXIS2_PLACEMENT_3D('',#3612,#3028,#3029);
#2669=AXIS2_PLACEMENT_3D('',#3615,#3032,#3033);
#2670=AXIS2_PLACEMENT_3D('',#3617,#3035,#3036);
#2671=AXIS2_PLACEMENT_3D('',#3621,#3039,#3040);
#2672=AXIS2_PLACEMENT_3D('',#3623,#3042,#3043);
#2673=AXIS2_PLACEMENT_3D('',#3632,#3048,#3049);
#2674=AXIS2_PLACEMENT_3D('',#3637,#3053,#3054);
#2675=AXIS2_PLACEMENT_3D('',#3639,#3056,#3057);
#2676=AXIS2_PLACEMENT_3D('',#3643,#3060,#3061);
#2677=AXIS2_PLACEMENT_3D('',#3645,#3063,#3064);
#2678=AXIS2_PLACEMENT_3D('',#3654,#3069,#3070);
#2679=AXIS2_PLACEMENT_3D('',#3659,#3074,#3075);
#2680=AXIS2_PLACEMENT_3D('',#3661,#3077,#3078);
#2681=AXIS2_PLACEMENT_3D('',#3665,#3081,#3082);
#2682=AXIS2_PLACEMENT_3D('',#3667,#3084,#3085);
#2683=AXIS2_PLACEMENT_3D('',#3676,#3090,#3091);
#2684=AXIS2_PLACEMENT_3D('',#3679,#3094,#3095);
#2685=AXIS2_PLACEMENT_3D('',#3683,#3098,#3099);
#2686=AXIS2_PLACEMENT_3D('',#3687,#3102,#3103);
#2687=AXIS2_PLACEMENT_3D('',#3689,#3105,#3106);
#2688=AXIS2_PLACEMENT_3D('',#3698,#3111,#3112);
#2689=AXIS2_PLACEMENT_3D('',#3703,#3116,#3117);
#2690=AXIS2_PLACEMENT_3D('',#3707,#3120,#3121);
#2691=AXIS2_PLACEMENT_3D('',#3710,#3124,#3125);
#2692=AXIS2_PLACEMENT_3D('',#3711,#3126,#3127);
#2693=AXIS2_PLACEMENT_3D('',#3720,#3132,#3133);
#2694=AXIS2_PLACEMENT_3D('',#3725,#3137,#3138);
#2695=AXIS2_PLACEMENT_3D('',#3729,#3141,#3142);
#2696=AXIS2_PLACEMENT_3D('',#3732,#3145,#3146);
#2697=AXIS2_PLACEMENT_3D('',#3733,#3147,#3148);
#2698=AXIS2_PLACEMENT_3D('',#3734,#3149,#3150);
#2699=AXIS2_PLACEMENT_3D('',#3735,#3151,#3152);
#2700=AXIS2_PLACEMENT_3D('',#3736,#3153,#3154);
#2701=AXIS2_PLACEMENT_3D('',#3737,#3155,#3156);
#2702=AXIS2_PLACEMENT_3D('',#3738,#3157,#3158);
#2703=AXIS2_PLACEMENT_3D('',#3739,#3159,#3160);
#2704=AXIS2_PLACEMENT_3D('',#3740,#3161,#3162);
#2705=AXIS2_PLACEMENT_3D('',#3741,#3163,#3164);
#2706=AXIS2_PLACEMENT_3D('',#3742,#3165,#3166);
#2707=AXIS2_PLACEMENT_3D('',#3743,#3167,#3168);
#2708=AXIS2_PLACEMENT_3D('',#3744,#3169,#3170);
#2709=AXIS2_PLACEMENT_3D('',#3745,#3171,#3172);
#2710=AXIS2_PLACEMENT_3D('',#3746,#3173,#3174);
#2711=AXIS2_PLACEMENT_3D('',#3747,#3175,#3176);
#2712=AXIS2_PLACEMENT_3D('',#3748,#3177,#3178);
#2713=AXIS2_PLACEMENT_3D('',#3749,#3179,#3180);
#2714=AXIS2_PLACEMENT_3D('',#3750,#3181,#3182);
#2715=AXIS2_PLACEMENT_3D('',#3751,#3183,#3184);
#2716=AXIS2_PLACEMENT_3D('',#3752,#3185,#3186);
#2717=AXIS2_PLACEMENT_3D('',#3753,#3187,#3188);
#2718=AXIS2_PLACEMENT_3D('',#3754,#3189,#3190);
#2719=AXIS2_PLACEMENT_3D('',#3755,#3191,#3192);
#2720=AXIS2_PLACEMENT_3D('',#3756,#3193,#3194);
#2721=AXIS2_PLACEMENT_3D('',#3757,#3195,#3196);
#2722=AXIS2_PLACEMENT_3D('',#3758,#3197,#3198);
#2723=AXIS2_PLACEMENT_3D('',#3759,#3199,#3200);
#2724=AXIS2_PLACEMENT_3D('',#3760,#3201,#3202);
#2725=AXIS2_PLACEMENT_3D('',#3761,#3203,#3204);
#2726=AXIS2_PLACEMENT_3D('',#3762,#3205,#3206);
#2727=AXIS2_PLACEMENT_3D('',#3763,#3207,#3208);
#2728=AXIS2_PLACEMENT_3D('',#3764,#3209,#3210);
#2729=AXIS2_PLACEMENT_3D('',#3765,#3211,#3212);
#2730=AXIS2_PLACEMENT_3D('',#3766,#3213,#3214);
#2731=AXIS2_PLACEMENT_3D('',#3767,#3215,#3216);
#2732=AXIS2_PLACEMENT_3D('',#3768,#3217,#3218);
#2733=AXIS2_PLACEMENT_3D('',#3769,#3219,#3220);
#2734=DIRECTION('',(0.,0.,1.));
#2735=DIRECTION('',(1.,0.,0.));
#2736=DIRECTION('',(-1.,0.,0.));
#2737=DIRECTION('',(0.,0.,1.));
#2738=DIRECTION('',(0.,1.,0.));
#2739=DIRECTION('',(0.,0.,-1.));
#2740=DIRECTION('',(0.,1.,0.));
#2741=DIRECTION('',(0.,0.,-1.));
#2742=DIRECTION('',(0.,1.,0.));
#2743=DIRECTION('',(0.,0.,-1.));
#2744=DIRECTION('',(0.,1.,0.));
#2745=DIRECTION('',(0.,0.,-1.));
#2746=DIRECTION('',(0.,1.,0.));
#2747=DIRECTION('',(0.,0.,-1.));
#2748=DIRECTION('',(0.,1.,0.));
#2749=DIRECTION('',(0.,0.,-1.));
#2750=DIRECTION('',(0.,1.,0.));
#2751=DIRECTION('',(0.,0.,-1.));
#2752=DIRECTION('',(0.,1.,0.));
#2753=DIRECTION('',(0.,0.,-1.));
#2754=DIRECTION('',(0.,1.,0.));
#2755=DIRECTION('',(0.,0.,-1.));
#2756=DIRECTION('',(0.,1.,0.));
#2757=DIRECTION('',(0.,0.,-1.));
#2758=DIRECTION('',(0.,1.,0.));
#2759=DIRECTION('',(0.,0.,-1.));
#2760=DIRECTION('',(0.,1.,0.));
#2761=DIRECTION('',(0.,0.,-1.));
#2762=DIRECTION('',(0.,1.,0.));
#2763=DIRECTION('',(0.,0.,-1.));
#2764=DIRECTION('',(0.,1.,0.));
#2765=DIRECTION('',(0.,0.,-1.));
#2766=DIRECTION('',(0.,-1.,0.));
#2767=DIRECTION('',(0.,0.,-1.));
#2768=DIRECTION('',(-1.,0.,0.));
#2769=DIRECTION('',(0.,0.,-1.));
#2770=DIRECTION('',(-1.,0.,0.));
#2771=DIRECTION('',(0.,0.,-1.));
#2772=DIRECTION('',(-1.,0.,0.));
#2773=DIRECTION('',(0.,0.,-1.));
#2774=DIRECTION('',(-1.,0.,0.));
#2775=DIRECTION('',(0.,0.,-1.));
#2776=DIRECTION('',(1.,0.,0.));
#2777=DIRECTION('',(0.,0.,-1.));
#2778=DIRECTION('',(0.,-1.,0.));
#2779=DIRECTION('',(0.,0.,-1.));
#2780=DIRECTION('',(0.,-1.,0.));
#2781=DIRECTION('',(0.,0.,-1.));
#2782=DIRECTION('',(0.,-1.,0.));
#2783=DIRECTION('',(0.,0.,-1.));
#2784=DIRECTION('',(0.,-1.,0.));
#2785=DIRECTION('',(0.,0.,-1.));
#2786=DIRECTION('',(0.,-1.,0.));
#2787=DIRECTION('',(0.,0.,-1.));
#2788=DIRECTION('',(0.,-1.,0.));
#2789=DIRECTION('',(0.,0.,-1.));
#2790=DIRECTION('',(0.,-1.,0.));
#2791=DIRECTION('',(0.,0.,-1.));
#2792=DIRECTION('',(0.,-1.,0.));
#2793=DIRECTION('',(0.,0.,-1.));
#2794=DIRECTION('',(0.,-1.,0.));
#2795=DIRECTION('',(0.,0.,-1.));
#2796=DIRECTION('',(0.,-1.,0.));
#2797=DIRECTION('',(0.,0.,-1.));
#2798=DIRECTION('',(0.,-1.,0.));
#2799=DIRECTION('',(0.,0.,-1.));
#2800=DIRECTION('',(0.,-1.,0.));
#2801=DIRECTION('',(0.,0.,-1.));
#2802=DIRECTION('',(0.,-1.,0.));
#2803=DIRECTION('',(0.,0.,-1.));
#2804=DIRECTION('',(0.,-1.,0.));
#2805=DIRECTION('',(0.,0.,-1.));
#2806=DIRECTION('',(0.,0.,1.));
#2807=DIRECTION('',(1.,0.,0.));
#2808=DIRECTION('',(0.,0.,1.));
#2809=DIRECTION('',(1.,0.,0.));
#2810=DIRECTION('',(1.,0.,0.));
#2811=DIRECTION('',(0.,1.,0.));
#2812=DIRECTION('',(-1.,0.,0.));
#2813=DIRECTION('',(1.,5.42101086242753E-16,0.));
#2814=DIRECTION('',(0.,1.,0.));
#2815=DIRECTION('',(-1.,1.35525271560688E-16,0.));
#2816=DIRECTION('',(1.,0.,0.));
#2817=DIRECTION('',(0.,1.,0.));
#2818=DIRECTION('',(-1.,2.71050543121376E-16,0.));
#2819=DIRECTION('',(1.,0.,0.));
#2820=DIRECTION('',(0.,1.,0.));
#2821=DIRECTION('',(-1.,0.,0.));
#2822=DIRECTION('',(0.,0.,1.));
#2823=DIRECTION('',(1.,0.,0.));
#2824=DIRECTION('',(1.,0.,0.));
#2825=DIRECTION('',(0.,0.,1.));
#2826=DIRECTION('',(1.,0.,0.));
#2827=DIRECTION('',(1.,-5.42101086242752E-16,0.));
#2828=DIRECTION('',(0.,1.,0.));
#2829=DIRECTION('',(-1.,0.,0.));
#2830=DIRECTION('',(1.,5.42101086242752E-16,0.));
#2831=DIRECTION('',(0.,1.,0.));
#2832=DIRECTION('',(-1.,-2.16840434497101E-15,0.));
#2833=DIRECTION('',(1.,-1.35525271560688E-16,0.));
#2834=DIRECTION('',(0.,1.,0.));
#2835=DIRECTION('',(-1.,5.42101086242753E-16,0.));
#2836=DIRECTION('',(-1.,-1.22464679914735E-16,0.));
#2837=DIRECTION('',(4.1769932716522E-17,-1.,0.));
#2838=DIRECTION('',(0.,0.,1.));
#2839=DIRECTION('',(1.,0.,0.));
#2840=DIRECTION('',(1.,0.,0.));
#2841=DIRECTION('',(0.,0.,1.));
#2842=DIRECTION('',(1.,0.,0.));
#2843=DIRECTION('',(0.,1.,0.));
#2844=DIRECTION('',(-1.,-2.67195665268513E-16,0.));
#2845=DIRECTION('',(-8.88690305315987E-17,-1.,0.));
#2846=DIRECTION('',(0.,0.,1.));
#2847=DIRECTION('',(1.,0.,0.));
#2848=DIRECTION('',(1.,0.,0.));
#2849=DIRECTION('',(0.,-1.,0.));
#2850=DIRECTION('',(-1.,0.,0.));
#2851=DIRECTION('',(0.,0.,1.));
#2852=DIRECTION('',(1.,0.,0.));
#2853=DIRECTION('',(-1.,-7.2280144832367E-16,0.));
#2854=DIRECTION('',(1.,-1.08420217248551E-15,0.));
#2855=DIRECTION('',(0.,-1.,0.));
#2856=DIRECTION('',(0.,0.,1.));
#2857=DIRECTION('',(1.,0.,0.));
#2858=DIRECTION('',(-1.,0.,0.));
#2859=DIRECTION('',(0.,1.,0.));
#2860=DIRECTION('',(1.,0.,0.));
#2861=DIRECTION('',(0.,0.,1.));
#2862=DIRECTION('',(1.,0.,0.));
#2863=DIRECTION('',(1.,7.2280144832367E-16,0.));
#2864=DIRECTION('',(-1.,0.,0.));
#2865=DIRECTION('',(0.,1.,0.));
#2866=DIRECTION('',(0.,1.,0.));
#2867=DIRECTION('',(0.,0.,1.));
#2868=DIRECTION('',(0.,0.,-1.));
#2869=DIRECTION('',(1.,0.,0.));
#2870=DIRECTION('',(0.,0.,-1.));
#2871=DIRECTION('',(0.,0.,1.));
#2872=DIRECTION('',(1.,0.,0.));
#2873=DIRECTION('',(0.,1.,0.));
#2874=DIRECTION('',(-1.,0.,0.));
#2875=DIRECTION('',(0.,-1.,0.));
#2876=DIRECTION('',(1.,0.,0.));
#2877=DIRECTION('',(0.,0.,-1.));
#2878=DIRECTION('',(-1.,0.,0.));
#2879=DIRECTION('',(0.,-1.,0.));
#2880=DIRECTION('',(-1.,0.,0.));
#2881=DIRECTION('',(0.,1.,0.));
#2882=DIRECTION('',(1.,-2.71050543121376E-16,0.));
#2883=DIRECTION('',(2.71050543121376E-16,1.,0.));
#2884=DIRECTION('',(-1.,2.71050543121376E-16,0.));
#2885=DIRECTION('',(0.,0.,1.));
#2886=DIRECTION('',(-1.,0.,0.));
#2887=DIRECTION('',(0.,0.,1.));
#2888=DIRECTION('',(1.,0.,0.));
#2889=DIRECTION('',(0.,0.,-1.));
#2890=DIRECTION('',(0.,0.,1.));
#2891=DIRECTION('',(0.,-1.,0.));
#2892=DIRECTION('',(0.,0.,-1.));
#2893=DIRECTION('',(1.,0.,0.));
#2894=DIRECTION('',(0.,0.,1.));
#2895=DIRECTION('',(-1.,0.,0.));
#2896=DIRECTION('',(0.,0.,1.));
#2897=DIRECTION('',(0.,-1.,0.));
#2898=DIRECTION('',(0.,0.,1.));
#2899=DIRECTION('',(1.,0.,0.));
#2900=DIRECTION('',(1.,0.,0.));
#2901=DIRECTION('',(0.,1.,0.));
#2902=DIRECTION('',(-1.,0.,0.));
#2903=DIRECTION('',(0.,1.,0.));
#2904=DIRECTION('',(1.,0.,0.));
#2905=DIRECTION('',(0.,0.,1.));
#2906=DIRECTION('',(1.,0.,0.));
#2907=DIRECTION('',(4.1769932716522E-17,-1.,0.));
#2908=DIRECTION('',(-1.,0.,0.));
#2909=DIRECTION('',(0.,1.,0.));
#2910=DIRECTION('',(1.,1.08420217248551E-15,0.));
#2911=DIRECTION('',(0.,1.,0.));
#2912=DIRECTION('',(-1.,7.2280144832367E-16,0.));
#2913=DIRECTION('',(-7.2280144832367E-16,1.,0.));
#2914=DIRECTION('',(7.2280144832367E-16,-1.,0.));
#2915=DIRECTION('',(1.,7.2280144832367E-16,0.));
#2916=DIRECTION('',(0.,0.,1.));
#2917=DIRECTION('',(1.,0.,0.));
#2918=DIRECTION('',(0.,0.,1.));
#2919=DIRECTION('',(1.,0.,0.));
#2920=DIRECTION('',(0.,0.,-1.));
#2921=DIRECTION('',(0.,0.,1.));
#2922=DIRECTION('',(0.,1.,0.));
#2923=DIRECTION('',(0.,0.,1.));
#2924=DIRECTION('',(-1.,0.,0.));
#2925=DIRECTION('',(0.,0.,1.));
#2926=DIRECTION('',(1.,0.,0.));
#2927=DIRECTION('',(0.,0.,-1.));
#2928=DIRECTION('',(0.,1.,0.));
#2929=DIRECTION('',(0.,0.,1.));
#2930=DIRECTION('',(0.,-1.,0.));
#2931=DIRECTION('',(0.,0.,-1.));
#2932=DIRECTION('',(1.,0.,0.));
#2933=DIRECTION('',(0.,0.,1.));
#2934=DIRECTION('',(0.,0.,1.));
#2935=DIRECTION('',(1.,0.,0.));
#2936=DIRECTION('',(0.,0.,1.));
#2937=DIRECTION('',(-1.,-4.1769932716522E-17,0.));
#2938=DIRECTION('',(4.1769932716522E-17,-1.,0.));
#2939=DIRECTION('',(0.,0.,1.));
#2940=DIRECTION('',(-1.22464679914735E-16,1.,0.));
#2941=DIRECTION('',(-1.,-1.22464679914735E-16,0.));
#2942=DIRECTION('',(-1.,0.,0.));
#2943=DIRECTION('',(0.,0.,1.));
#2944=DIRECTION('',(1.,0.,0.));
#2945=DIRECTION('',(0.,0.,-1.));
#2946=DIRECTION('',(0.,1.,0.));
#2947=DIRECTION('',(0.,0.,1.));
#2948=DIRECTION('',(0.,-1.,0.));
#2949=DIRECTION('',(0.,0.,-1.));
#2950=DIRECTION('',(1.,0.,0.));
#2951=DIRECTION('',(0.,0.,1.));
#2952=DIRECTION('',(1.,0.,0.));
#2953=DIRECTION('',(0.,0.,-1.));
#2954=DIRECTION('',(0.,0.,1.));
#2955=DIRECTION('',(0.,1.,0.));
#2956=DIRECTION('',(0.,0.,1.));
#2957=DIRECTION('',(-1.,0.,0.));
#2958=DIRECTION('',(0.,0.,1.));
#2959=DIRECTION('',(1.,7.2280144832367E-16,0.));
#2960=DIRECTION('',(-7.2280144832367E-16,1.,0.));
#2961=DIRECTION('',(-7.2280144832367E-16,1.,0.));
#2962=DIRECTION('',(0.,0.,-1.));
#2963=DIRECTION('',(-1.,0.,0.));
#2964=DIRECTION('',(0.,-1.,0.));
#2965=DIRECTION('',(-1.,7.23654926768891E-17,0.));
#2966=DIRECTION('',(1.24416642744238E-16,1.,0.));
#2967=DIRECTION('',(1.,0.,0.));
#2968=DIRECTION('',(-1.,8.88690305315987E-17,0.));
#2969=DIRECTION('',(-8.88690305315987E-17,-1.,0.));
#2970=DIRECTION('',(0.,0.,1.));
#2971=DIRECTION('',(-2.16840434497101E-15,-1.,0.));
#2972=DIRECTION('',(0.,0.,1.));
#2973=DIRECTION('',(-2.67195665268513E-16,1.,0.));
#2974=DIRECTION('',(-1.,-2.67195665268513E-16,0.));
#2975=DIRECTION('',(0.,0.,1.));
#2976=DIRECTION('',(1.,0.,0.));
#2977=DIRECTION('',(0.,0.,-1.));
#2978=DIRECTION('',(0.,1.,0.));
#2979=DIRECTION('',(0.,0.,1.));
#2980=DIRECTION('',(0.,-1.,0.));
#2981=DIRECTION('',(0.,0.,-1.));
#2982=DIRECTION('',(1.,0.,0.));
#2983=DIRECTION('',(0.,0.,1.));
#2984=DIRECTION('',(1.,0.,0.));
#2985=DIRECTION('',(-1.,0.,0.));
#2986=DIRECTION('',(0.,-1.,0.));
#2987=DIRECTION('',(1.,0.,0.));
#2988=DIRECTION('',(0.,-1.,0.));
#2989=DIRECTION('',(-1.,1.22464679914735E-16,0.));
#2990=DIRECTION('',(0.,1.,0.));
#2991=DIRECTION('',(1.,0.,0.));
#2992=DIRECTION('',(0.,-1.,0.));
#2993=DIRECTION('',(-1.,0.,0.));
#2994=DIRECTION('',(0.,-1.,0.));
#2995=DIRECTION('',(1.,-7.2280144832367E-16,0.));
#2996=DIRECTION('',(-7.2280144832367E-16,-1.,0.));
#2997=DIRECTION('',(-7.2280144832367E-16,1.,0.));
#2998=DIRECTION('',(-1.,-7.2280144832367E-16,0.));
#2999=DIRECTION('',(0.,0.,1.));
#3000=DIRECTION('',(-1.,0.,0.));
#3001=DIRECTION('',(0.,0.,1.));
#3002=DIRECTION('',(-1.,0.,0.));
#3003=DIRECTION('',(0.,0.,1.));
#3004=DIRECTION('',(0.,0.,1.));
#3005=DIRECTION('',(-1.08420217248551E-15,-1.,0.));
#3006=DIRECTION('',(1.,-1.08420217248551E-15,0.));
#3007=DIRECTION('',(1.,0.,0.));
#3008=DIRECTION('',(0.,0.,1.));
#3009=DIRECTION('',(-1.,0.,0.));
#3010=DIRECTION('',(0.,0.,1.));
#3011=DIRECTION('',(0.,-1.,0.));
#3012=DIRECTION('',(0.,0.,1.));
#3013=DIRECTION('',(0.,1.,0.));
#3014=DIRECTION('',(0.,0.,1.));
#3015=DIRECTION('',(-1.,0.,0.));
#3016=DIRECTION('',(0.,0.,1.));
#3017=DIRECTION('',(1.,0.,0.));
#3018=DIRECTION('',(0.,0.,-1.));
#3019=DIRECTION('',(0.,0.,1.));
#3020=DIRECTION('',(0.,-1.,0.));
#3021=DIRECTION('',(0.,0.,-1.));
#3022=DIRECTION('',(1.,0.,0.));
#3023=DIRECTION('',(0.,0.,1.));
#3024=DIRECTION('',(-1.,0.,0.));
#3025=DIRECTION('',(0.,0.,1.));
#3026=DIRECTION('',(0.,-1.,0.));
#3027=DIRECTION('',(0.,0.,1.));
#3028=DIRECTION('',(0.,1.,0.));
#3029=DIRECTION('',(0.,0.,1.));
#3030=DIRECTION('',(-1.,0.,0.));
#3031=DIRECTION('',(0.,0.,1.));
#3032=DIRECTION('',(-1.,0.,0.));
#3033=DIRECTION('',(0.,0.,1.));
#3034=DIRECTION('',(0.,0.,1.));
#3035=DIRECTION('',(0.,-1.,0.));
#3036=DIRECTION('',(0.,0.,-1.));
#3037=DIRECTION('',(1.,0.,0.));
#3038=DIRECTION('',(0.,0.,1.));
#3039=DIRECTION('',(-1.,7.2280144832367E-16,0.));
#3040=DIRECTION('',(-7.2280144832367E-16,-1.,0.));
#3041=DIRECTION('',(-7.2280144832367E-16,-1.,0.));
#3042=DIRECTION('',(0.,0.,-1.));
#3043=DIRECTION('',(-1.,0.,0.));
#3044=DIRECTION('',(-1.,-1.08420217248551E-15,0.));
#3045=DIRECTION('',(0.,1.,0.));
#3046=DIRECTION('',(1.,-6.7762635780344E-17,0.));
#3047=DIRECTION('',(0.,-1.,0.));
#3048=DIRECTION('',(1.35525271560688E-16,1.,0.));
#3049=DIRECTION('',(-1.,1.35525271560688E-16,0.));
#3050=DIRECTION('',(0.,0.,1.));
#3051=DIRECTION('',(-1.,0.,0.));
#3052=DIRECTION('',(0.,0.,1.));
#3053=DIRECTION('',(1.,0.,0.));
#3054=DIRECTION('',(0.,0.,-1.));
#3055=DIRECTION('',(0.,0.,1.));
#3056=DIRECTION('',(5.42101086242753E-16,-1.,0.));
#3057=DIRECTION('',(1.,5.42101086242753E-16,0.));
#3058=DIRECTION('',(1.,0.,0.));
#3059=DIRECTION('',(0.,0.,1.));
#3060=DIRECTION('',(-1.,0.,0.));
#3061=DIRECTION('',(0.,0.,1.));
#3062=DIRECTION('',(0.,-1.,0.));
#3063=DIRECTION('',(0.,0.,-1.));
#3064=DIRECTION('',(-1.,0.,0.));
#3065=DIRECTION('',(0.,-1.,0.));
#3066=DIRECTION('',(-1.,0.,0.));
#3067=DIRECTION('',(0.,1.,0.));
#3068=DIRECTION('',(1.,0.,0.));
#3069=DIRECTION('',(0.,1.,0.));
#3070=DIRECTION('',(0.,0.,1.));
#3071=DIRECTION('',(0.,0.,1.));
#3072=DIRECTION('',(-1.,0.,0.));
#3073=DIRECTION('',(0.,0.,1.));
#3074=DIRECTION('',(1.,0.,0.));
#3075=DIRECTION('',(0.,0.,-1.));
#3076=DIRECTION('',(0.,0.,1.));
#3077=DIRECTION('',(0.,-1.,0.));
#3078=DIRECTION('',(0.,0.,-1.));
#3079=DIRECTION('',(1.,0.,0.));
#3080=DIRECTION('',(0.,0.,1.));
#3081=DIRECTION('',(-1.,0.,0.));
#3082=DIRECTION('',(0.,0.,1.));
#3083=DIRECTION('',(0.,-1.,0.));
#3084=DIRECTION('',(0.,0.,1.));
#3085=DIRECTION('',(1.,0.,0.));
#3086=DIRECTION('',(0.,1.,0.));
#3087=DIRECTION('',(1.,1.08420217248551E-15,0.));
#3088=DIRECTION('',(0.,-1.,0.));
#3089=DIRECTION('',(-1.,-6.7762635780344E-17,0.));
#3090=DIRECTION('',(1.,0.,0.));
#3091=DIRECTION('',(0.,0.,-1.));
#3092=DIRECTION('',(0.,0.,1.));
#3093=DIRECTION('',(0.,0.,1.));
#3094=DIRECTION('',(5.42101086242753E-16,1.,0.));
#3095=DIRECTION('',(-1.,5.42101086242753E-16,0.));
#3096=DIRECTION('',(0.,0.,1.));
#3097=DIRECTION('',(1.,0.,0.));
#3098=DIRECTION('',(-1.,0.,0.));
#3099=DIRECTION('',(0.,0.,1.));
#3100=DIRECTION('',(0.,0.,1.));
#3101=DIRECTION('',(0.,1.,0.));
#3102=DIRECTION('',(-1.35525271560688E-16,-1.,0.));
#3103=DIRECTION('',(1.,-1.35525271560688E-16,0.));
#3104=DIRECTION('',(-1.,0.,0.));
#3105=DIRECTION('',(0.,0.,1.));
#3106=DIRECTION('',(1.,0.,0.));
#3107=DIRECTION('',(-1.,0.,0.));
#3108=DIRECTION('',(0.,1.,0.));
#3109=DIRECTION('',(1.,-2.16840434497101E-15,0.));
#3110=DIRECTION('',(0.,-1.,0.));
#3111=DIRECTION('',(-2.16840434497101E-15,1.,0.));
#3112=DIRECTION('',(-1.,-2.16840434497101E-15,0.));
#3113=DIRECTION('',(0.,0.,1.));
#3114=DIRECTION('',(0.,0.,1.));
#3115=DIRECTION('',(1.,0.,0.));
#3116=DIRECTION('',(-1.,0.,0.));
#3117=DIRECTION('',(0.,0.,1.));
#3118=DIRECTION('',(0.,0.,1.));
#3119=DIRECTION('',(0.,1.,0.));
#3120=DIRECTION('',(5.42101086242752E-16,-1.,0.));
#3121=DIRECTION('',(1.,5.42101086242752E-16,0.));
#3122=DIRECTION('',(-1.,0.,0.));
#3123=DIRECTION('',(0.,0.,1.));
#3124=DIRECTION('',(1.,0.,0.));
#3125=DIRECTION('',(0.,0.,-1.));
#3126=DIRECTION('',(0.,0.,1.));
#3127=DIRECTION('',(1.,0.,0.));
#3128=DIRECTION('',(-1.,0.,0.));
#3129=DIRECTION('',(0.,1.,0.));
#3130=DIRECTION('',(1.,4.33680868994202E-15,0.));
#3131=DIRECTION('',(0.,-1.,0.));
#3132=DIRECTION('',(0.,1.,0.));
#3133=DIRECTION('',(0.,0.,1.));
#3134=DIRECTION('',(0.,0.,1.));
#3135=DIRECTION('',(0.,0.,1.));
#3136=DIRECTION('',(1.,0.,0.));
#3137=DIRECTION('',(-1.,0.,0.));
#3138=DIRECTION('',(0.,0.,1.));
#3139=DIRECTION('',(0.,0.,1.));
#3140=DIRECTION('',(0.,1.,0.));
#3141=DIRECTION('',(-5.42101086242752E-16,-1.,0.));
#3142=DIRECTION('',(1.,-5.42101086242752E-16,0.));
#3143=DIRECTION('',(-1.,0.,0.));
#3144=DIRECTION('',(0.,0.,1.));
#3145=DIRECTION('',(1.,0.,0.));
#3146=DIRECTION('',(0.,0.,-1.));
#3147=DIRECTION('',(0.,0.,-1.));
#3148=DIRECTION('',(-1.,0.,0.));
#3149=DIRECTION('',(0.,0.,-1.));
#3150=DIRECTION('',(-1.,0.,0.));
#3151=DIRECTION('',(0.,0.,-1.));
#3152=DIRECTION('',(-1.,0.,0.));
#3153=DIRECTION('',(0.,0.,-1.));
#3154=DIRECTION('',(-1.,0.,0.));
#3155=DIRECTION('',(0.,0.,-1.));
#3156=DIRECTION('',(-1.,0.,0.));
#3157=DIRECTION('',(0.,0.,-1.));
#3158=DIRECTION('',(-1.,0.,0.));
#3159=DIRECTION('',(0.,0.,-1.));
#3160=DIRECTION('',(-1.,0.,0.));
#3161=DIRECTION('',(0.,0.,-1.));
#3162=DIRECTION('',(-1.,0.,0.));
#3163=DIRECTION('',(0.,0.,-1.));
#3164=DIRECTION('',(-1.,0.,0.));
#3165=DIRECTION('',(0.,0.,-1.));
#3166=DIRECTION('',(-1.,0.,0.));
#3167=DIRECTION('',(0.,0.,-1.));
#3168=DIRECTION('',(-1.,0.,0.));
#3169=DIRECTION('',(0.,0.,-1.));
#3170=DIRECTION('',(-1.,0.,0.));
#3171=DIRECTION('',(0.,0.,-1.));
#3172=DIRECTION('',(-1.,0.,0.));
#3173=DIRECTION('',(0.,0.,-1.));
#3174=DIRECTION('',(-1.,0.,0.));
#3175=DIRECTION('',(0.,0.,1.));
#3176=DIRECTION('',(1.,0.,0.));
#3177=DIRECTION('',(0.,-1.,0.));
#3178=DIRECTION('',(0.,0.,-1.));
#3179=DIRECTION('',(0.,-1.,0.));
#3180=DIRECTION('',(0.,0.,-1.));
#3181=DIRECTION('',(-1.,0.,0.));
#3182=DIRECTION('',(0.,0.,1.));
#3183=DIRECTION('',(0.,0.,-1.));
#3184=DIRECTION('',(-1.,0.,0.));
#3185=DIRECTION('',(0.,0.,1.));
#3186=DIRECTION('',(1.,0.,0.));
#3187=DIRECTION('',(-1.,0.,0.));
#3188=DIRECTION('',(0.,0.,1.));
#3189=DIRECTION('',(1.,0.,0.));
#3190=DIRECTION('',(0.,0.,-1.));
#3191=DIRECTION('',(0.,1.,0.));
#3192=DIRECTION('',(0.,0.,1.));
#3193=DIRECTION('',(0.,1.,0.));
#3194=DIRECTION('',(0.,0.,1.));
#3195=DIRECTION('',(0.,0.,-1.));
#3196=DIRECTION('',(-1.,0.,0.));
#3197=DIRECTION('',(0.,0.,1.));
#3198=DIRECTION('',(1.,0.,0.));
#3199=DIRECTION('',(0.,-1.,0.));
#3200=DIRECTION('',(0.,0.,-1.));
#3201=DIRECTION('',(0.,-1.,0.));
#3202=DIRECTION('',(0.,0.,-1.));
#3203=DIRECTION('',(-1.,0.,0.));
#3204=DIRECTION('',(0.,0.,1.));
#3205=DIRECTION('',(-1.,0.,0.));
#3206=DIRECTION('',(0.,0.,1.));
#3207=DIRECTION('',(0.,-1.,0.));
#3208=DIRECTION('',(0.,0.,-1.));
#3209=DIRECTION('',(0.,1.,0.));
#3210=DIRECTION('',(0.,0.,1.));
#3211=DIRECTION('',(1.,0.,0.));
#3212=DIRECTION('',(0.,0.,-1.));
#3213=DIRECTION('',(1.,0.,0.));
#3214=DIRECTION('',(0.,0.,-1.));
#3215=DIRECTION('',(0.,0.,1.));
#3216=DIRECTION('',(1.,0.,0.));
#3217=DIRECTION('',(0.,0.,1.));
#3218=DIRECTION('',(1.,0.,0.));
#3219=DIRECTION('',(0.,0.,-1.));
#3220=DIRECTION('',(-1.,0.,0.));
#3221=CARTESIAN_POINT('',(0.,0.,0.));
#3222=CARTESIAN_POINT('',(1.025,-1.525,0.85));
#3223=CARTESIAN_POINT('',(1.025,-1.525,0.));
#3224=CARTESIAN_POINT('',(1.025,1.45,0.));
#3225=CARTESIAN_POINT('',(1.025,1.475,0.));
#3226=CARTESIAN_POINT('',(1.025,1.475,0.85));
#3227=CARTESIAN_POINT('',(1.025,1.475,0.8));
#3228=CARTESIAN_POINT('',(1.025,-1.525,0.8));
#3229=CARTESIAN_POINT('',(1.025,-1.475,0.8));
#3230=CARTESIAN_POINT('',(1.025,-1.475,0.85));
#3231=CARTESIAN_POINT('',(1.025,-1.475,0.));
#3232=CARTESIAN_POINT('',(1.025,-1.525,0.));
#3233=CARTESIAN_POINT('',(1.025,-1.35,0.));
#3234=CARTESIAN_POINT('',(1.025,-1.35,0.153));
#3235=CARTESIAN_POINT('',(1.025,-1.35,0.153));
#3236=CARTESIAN_POINT('',(1.025,-1.35,0.153));
#3237=CARTESIAN_POINT('',(1.025,-1.1,0.153));
#3238=CARTESIAN_POINT('',(1.025,-1.1,0.153));
#3239=CARTESIAN_POINT('',(1.025,-1.1,0.));
#3240=CARTESIAN_POINT('',(1.025,-1.525,0.));
#3241=CARTESIAN_POINT('',(1.025,-0.9,0.));
#3242=CARTESIAN_POINT('',(1.025,-0.9,0.153));
#3243=CARTESIAN_POINT('',(1.025,-0.9,0.153));
#3244=CARTESIAN_POINT('',(1.025,-0.9,0.153));
#3245=CARTESIAN_POINT('',(1.025,-0.65,0.153));
#3246=CARTESIAN_POINT('',(1.025,-0.65,0.153));
#3247=CARTESIAN_POINT('',(1.025,-0.65,0.));
#3248=CARTESIAN_POINT('',(1.025,-1.525,0.));
#3249=CARTESIAN_POINT('',(1.025,-0.45,0.));
#3250=CARTESIAN_POINT('',(1.025,-0.45,0.153));
#3251=CARTESIAN_POINT('',(1.025,-0.45,0.153));
#3252=CARTESIAN_POINT('',(1.025,-0.45,0.153));
#3253=CARTESIAN_POINT('',(1.025,-0.2,0.153));
#3254=CARTESIAN_POINT('',(1.025,-0.2,0.153));
#3255=CARTESIAN_POINT('',(1.025,-0.2,0.));
#3256=CARTESIAN_POINT('',(1.025,-1.525,0.));
#3257=CARTESIAN_POINT('',(1.025,0.,0.));
#3258=CARTESIAN_POINT('',(1.025,0.,0.153));
#3259=CARTESIAN_POINT('',(1.025,0.,0.153));
#3260=CARTESIAN_POINT('',(1.025,0.,0.153));
#3261=CARTESIAN_POINT('',(1.025,0.3,0.153));
#3262=CARTESIAN_POINT('',(1.025,0.3,0.153));
#3263=CARTESIAN_POINT('',(1.025,0.3,0.));
#3264=CARTESIAN_POINT('',(1.025,-1.525,0.));
#3265=CARTESIAN_POINT('',(1.025,0.575,0.));
#3266=CARTESIAN_POINT('',(1.025,0.575,0.153));
#3267=CARTESIAN_POINT('',(1.025,0.575,0.153));
#3268=CARTESIAN_POINT('',(1.025,0.575,0.153));
#3269=CARTESIAN_POINT('',(1.025,0.875,0.153));
#3270=CARTESIAN_POINT('',(1.025,0.875,0.153));
#3271=CARTESIAN_POINT('',(1.025,0.875,0.));
#3272=CARTESIAN_POINT('',(1.025,-1.525,0.));
#3273=CARTESIAN_POINT('',(1.025,1.15,0.));
#3274=CARTESIAN_POINT('',(1.025,1.15,0.153));
#3275=CARTESIAN_POINT('',(1.025,1.15,0.153));
#3276=CARTESIAN_POINT('',(1.025,1.15,0.153));
#3277=CARTESIAN_POINT('',(1.025,1.45,0.153));
#3278=CARTESIAN_POINT('',(1.025,1.45,0.153));
#3279=CARTESIAN_POINT('',(1.025,1.525,0.85));
#3280=CARTESIAN_POINT('',(1.025,1.525,0.8));
#3281=CARTESIAN_POINT('',(-0.975,1.525,0.8));
#3282=CARTESIAN_POINT('',(0.975,1.525,0.8));
#3283=CARTESIAN_POINT('',(0.975,1.525,0.85));
#3284=CARTESIAN_POINT('',(0.975,1.525,0.));
#3285=CARTESIAN_POINT('',(1.025,1.525,0.));
#3286=CARTESIAN_POINT('',(0.175,1.525,0.));
#3287=CARTESIAN_POINT('',(0.175,1.525,0.153));
#3288=CARTESIAN_POINT('',(0.175,1.525,0.153));
#3289=CARTESIAN_POINT('',(0.175,1.525,0.153));
#3290=CARTESIAN_POINT('',(-0.175,1.525,0.153));
#3291=CARTESIAN_POINT('',(-0.175,1.525,0.153));
#3292=CARTESIAN_POINT('',(-0.175,1.525,0.));
#3293=CARTESIAN_POINT('',(1.025,1.525,0.));
#3294=CARTESIAN_POINT('',(-0.975,1.525,0.));
#3295=CARTESIAN_POINT('',(-0.975,1.525,0.85));
#3296=CARTESIAN_POINT('',(-1.025,1.525,0.85));
#3297=CARTESIAN_POINT('',(-1.025,1.525,0.8));
#3298=CARTESIAN_POINT('',(-1.025,-1.475,0.8));
#3299=CARTESIAN_POINT('',(-1.025,1.475,0.8));
#3300=CARTESIAN_POINT('',(-1.025,1.475,0.85));
#3301=CARTESIAN_POINT('',(-1.025,1.475,0.));
#3302=CARTESIAN_POINT('',(-1.025,1.525,0.));
#3303=CARTESIAN_POINT('',(-1.025,1.45,0.));
#3304=CARTESIAN_POINT('',(-1.025,1.45,0.153));
#3305=CARTESIAN_POINT('',(-1.025,1.45,0.153));
#3306=CARTESIAN_POINT('',(-1.025,1.45,0.153));
#3307=CARTESIAN_POINT('',(-1.025,1.15,0.153));
#3308=CARTESIAN_POINT('',(-1.025,1.15,0.153));
#3309=CARTESIAN_POINT('',(-1.025,1.15,0.));
#3310=CARTESIAN_POINT('',(-1.025,1.525,0.));
#3311=CARTESIAN_POINT('',(-1.025,0.875,0.));
#3312=CARTESIAN_POINT('',(-1.025,0.875,0.153));
#3313=CARTESIAN_POINT('',(-1.025,0.875,0.153));
#3314=CARTESIAN_POINT('',(-1.025,0.875,0.153));
#3315=CARTESIAN_POINT('',(-1.025,0.575,0.153));
#3316=CARTESIAN_POINT('',(-1.025,0.575,0.153));
#3317=CARTESIAN_POINT('',(-1.025,0.575,0.));
#3318=CARTESIAN_POINT('',(-1.025,1.525,0.));
#3319=CARTESIAN_POINT('',(-1.025,0.3,0.));
#3320=CARTESIAN_POINT('',(-1.025,0.3,0.153));
#3321=CARTESIAN_POINT('',(-1.025,0.3,0.153));
#3322=CARTESIAN_POINT('',(-1.025,0.3,0.153));
#3323=CARTESIAN_POINT('',(-1.025,0.,0.153));
#3324=CARTESIAN_POINT('',(-1.025,0.,0.153));
#3325=CARTESIAN_POINT('',(-1.025,0.,0.));
#3326=CARTESIAN_POINT('',(-1.025,1.525,0.));
#3327=CARTESIAN_POINT('',(-1.025,-0.2,0.));
#3328=CARTESIAN_POINT('',(-1.025,-0.2,0.153));
#3329=CARTESIAN_POINT('',(-1.025,-0.2,0.153));
#3330=CARTESIAN_POINT('',(-1.025,-0.2,0.153));
#3331=CARTESIAN_POINT('',(-1.025,-0.45,0.153));
#3332=CARTESIAN_POINT('',(-1.025,-0.45,0.153));
#3333=CARTESIAN_POINT('',(-1.025,-0.45,0.));
#3334=CARTESIAN_POINT('',(-1.025,1.525,0.));
#3335=CARTESIAN_POINT('',(-1.025,-0.65,0.));
#3336=CARTESIAN_POINT('',(-1.025,-0.65,0.153));
#3337=CARTESIAN_POINT('',(-1.025,-0.65,0.153));
#3338=CARTESIAN_POINT('',(-1.025,-0.65,0.153));
#3339=CARTESIAN_POINT('',(-1.025,-0.9,0.153));
#3340=CARTESIAN_POINT('',(-1.025,-0.9,0.153));
#3341=CARTESIAN_POINT('',(-1.025,-0.9,0.));
#3342=CARTESIAN_POINT('',(-1.025,1.525,0.));
#3343=CARTESIAN_POINT('',(-1.025,-1.1,0.));
#3344=CARTESIAN_POINT('',(-1.025,-1.1,0.153));
#3345=CARTESIAN_POINT('',(-1.025,-1.1,0.153));
#3346=CARTESIAN_POINT('',(-1.025,-1.1,0.153));
#3347=CARTESIAN_POINT('',(-1.025,-1.35,0.153));
#3348=CARTESIAN_POINT('',(-1.025,-1.35,0.153));
#3349=CARTESIAN_POINT('',(-1.025,-1.35,0.));
#3350=CARTESIAN_POINT('',(-1.025,1.525,0.));
#3351=CARTESIAN_POINT('',(-1.025,-1.475,0.));
#3352=CARTESIAN_POINT('',(-1.025,-1.475,0.85));
#3353=CARTESIAN_POINT('',(0.,0.,0.));
#3354=CARTESIAN_POINT('',(0.975,1.475,0.));
#3355=CARTESIAN_POINT('',(1.075,1.45,0.));
#3356=CARTESIAN_POINT('',(0.375,1.45,0.));
#3357=CARTESIAN_POINT('',(0.375,1.45,0.));
#3358=CARTESIAN_POINT('',(0.375,0.,0.));
#3359=CARTESIAN_POINT('',(1.025,0.,0.));
#3360=CARTESIAN_POINT('',(1.025,-0.2,0.));
#3361=CARTESIAN_POINT('',(0.625,-0.2,0.));
#3362=CARTESIAN_POINT('',(0.625,-0.45,0.));
#3363=CARTESIAN_POINT('',(0.625,-0.45,0.));
#3364=CARTESIAN_POINT('',(1.025,-0.45,0.));
#3365=CARTESIAN_POINT('',(1.025,-0.65,0.));
#3366=CARTESIAN_POINT('',(0.624999999999999,-0.65,0.));
#3367=CARTESIAN_POINT('',(0.624999999999999,-0.9,0.));
#3368=CARTESIAN_POINT('',(0.624999999999999,-0.9,0.));
#3369=CARTESIAN_POINT('',(1.025,-0.9,0.));
#3370=CARTESIAN_POINT('',(1.025,-1.1,0.));
#3371=CARTESIAN_POINT('',(0.624999999999999,-1.1,0.));
#3372=CARTESIAN_POINT('',(0.624999999999999,-1.35,0.));
#3373=CARTESIAN_POINT('',(0.624999999999999,-1.35,0.));
#3374=CARTESIAN_POINT('',(1.025,-1.35,0.));
#3375=CARTESIAN_POINT('',(0.975,-1.475,0.));
#3376=CARTESIAN_POINT('',(0.975,-1.525,0.));
#3377=CARTESIAN_POINT('',(-1.025,-1.525,0.));
#3378=CARTESIAN_POINT('',(-0.975,-1.525,0.));
#3379=CARTESIAN_POINT('',(-0.975,-1.475,0.));
#3380=CARTESIAN_POINT('',(-1.025,-1.35,0.));
#3381=CARTESIAN_POINT('',(-0.624999999999999,-1.35,0.));
#3382=CARTESIAN_POINT('',(-0.624999999999999,-1.35,0.));
#3383=CARTESIAN_POINT('',(-0.624999999999999,-1.1,0.));
#3384=CARTESIAN_POINT('',(-1.025,-1.1,0.));
#3385=CARTESIAN_POINT('',(-1.025,-0.9,0.));
#3386=CARTESIAN_POINT('',(-0.624999999999999,-0.9,0.));
#3387=CARTESIAN_POINT('',(-0.624999999999999,-0.9,0.));
#3388=CARTESIAN_POINT('',(-0.624999999999999,-0.65,0.));
#3389=CARTESIAN_POINT('',(-1.025,-0.65,0.));
#3390=CARTESIAN_POINT('',(-1.025,-0.45,0.));
#3391=CARTESIAN_POINT('',(-0.625,-0.45,0.));
#3392=CARTESIAN_POINT('',(-0.625,-0.45,0.));
#3393=CARTESIAN_POINT('',(-0.625,-0.2,0.));
#3394=CARTESIAN_POINT('',(-1.025,-0.2,0.));
#3395=CARTESIAN_POINT('',(-1.025,0.,0.));
#3396=CARTESIAN_POINT('',(-0.375,0.,0.));
#3397=CARTESIAN_POINT('',(-0.375,1.29782609400356,0.));
#3398=CARTESIAN_POINT('',(-0.375,1.29782609400356,0.));
#3399=CARTESIAN_POINT('',(-0.375,1.45,0.));
#3400=CARTESIAN_POINT('',(-0.527173905996442,1.45,0.));
#3401=CARTESIAN_POINT('',(-1.025,1.45,0.));
#3402=CARTESIAN_POINT('',(-0.975,1.475,0.));
#3403=CARTESIAN_POINT('',(-0.175,1.525,0.));
#3404=CARTESIAN_POINT('',(-0.175,-2.14313189850787E-17,0.));
#3405=CARTESIAN_POINT('',(-0.065,7.9602041944578E-18,0.));
#3406=CARTESIAN_POINT('',(0.175,0.,0.));
#3407=CARTESIAN_POINT('',(0.175,1.525,0.));
#3408=CARTESIAN_POINT('',(0.,0.,0.));
#3409=CARTESIAN_POINT('',(1.075,0.875,0.));
#3410=CARTESIAN_POINT('',(0.875,0.875,0.));
#3411=CARTESIAN_POINT('',(0.875,1.15,0.));
#3412=CARTESIAN_POINT('',(0.875,1.15,0.));
#3413=CARTESIAN_POINT('',(1.025,1.15,0.));
#3414=CARTESIAN_POINT('',(0.,0.,0.));
#3415=CARTESIAN_POINT('',(1.025,0.575,0.));
#3416=CARTESIAN_POINT('',(0.875,0.575,0.));
#3417=CARTESIAN_POINT('',(1.075,0.3,0.));
#3418=CARTESIAN_POINT('',(0.875,0.3,0.));
#3419=CARTESIAN_POINT('',(0.875,0.575,0.));
#3420=CARTESIAN_POINT('',(0.,0.,0.));
#3421=CARTESIAN_POINT('',(-1.025,0.575,0.));
#3422=CARTESIAN_POINT('',(-0.875,0.575,0.));
#3423=CARTESIAN_POINT('',(-0.875,0.575,0.));
#3424=CARTESIAN_POINT('',(-0.875,0.3,0.));
#3425=CARTESIAN_POINT('',(-1.025,0.3,0.));
#3426=CARTESIAN_POINT('',(0.,0.,0.));
#3427=CARTESIAN_POINT('',(-1.025,0.875,0.));
#3428=CARTESIAN_POINT('',(-0.875,0.875,0.));
#3429=CARTESIAN_POINT('',(-1.025,1.15,0.));
#3430=CARTESIAN_POINT('',(-0.875,1.15,0.));
#3431=CARTESIAN_POINT('',(-0.875,1.15,0.));
#3432=CARTESIAN_POINT('',(-1.025,-1.525,0.85));
#3433=CARTESIAN_POINT('',(0.975,-1.525,0.85));
#3434=CARTESIAN_POINT('',(0.975,-1.525,0.8));
#3435=CARTESIAN_POINT('',(-1.025,-1.525,0.8));
#3436=CARTESIAN_POINT('',(-0.975,-1.525,0.8));
#3437=CARTESIAN_POINT('',(-0.975,-1.525,0.85));
#3438=CARTESIAN_POINT('',(0.,0.,0.85));
#3439=CARTESIAN_POINT('',(0.975,1.525,0.85));
#3440=CARTESIAN_POINT('',(0.975,-1.475,0.85));
#3441=CARTESIAN_POINT('',(0.975,1.475,0.85));
#3442=CARTESIAN_POINT('',(-1.025,1.475,0.85));
#3443=CARTESIAN_POINT('',(-0.975,1.475,0.85));
#3444=CARTESIAN_POINT('',(-0.975,-1.525,0.85));
#3445=CARTESIAN_POINT('',(-0.975,-1.475,0.85));
#3446=CARTESIAN_POINT('',(1.025,-1.475,0.85));
#3447=CARTESIAN_POINT('',(0.,0.,-0.05));
#3448=CARTESIAN_POINT('',(1.075,-0.775,-0.05));
#3449=CARTESIAN_POINT('',(1.075,-0.65,-0.05));
#3450=CARTESIAN_POINT('',(1.075,-0.9,-0.05));
#3451=CARTESIAN_POINT('',(1.075,-0.9,-0.05));
#3452=CARTESIAN_POINT('',(0.624999999999999,-0.9,-0.05));
#3453=CARTESIAN_POINT('',(0.624999999999999,-0.9,-0.05));
#3454=CARTESIAN_POINT('',(0.624999999999999,-0.65,-0.05));
#3455=CARTESIAN_POINT('',(0.624999999999999,-0.65,-0.05));
#3456=CARTESIAN_POINT('',(1.025,-0.9,-0.05));
#3457=CARTESIAN_POINT('',(1.075,-0.9,-0.05));
#3458=CARTESIAN_POINT('',(1.075,-0.9,0.153));
#3459=CARTESIAN_POINT('',(1.075,-0.9,0.153));
#3460=CARTESIAN_POINT('',(0.624999999999999,-0.9,-0.05));
#3461=CARTESIAN_POINT('',(0.624999999999999,-0.9,-0.05));
#3462=CARTESIAN_POINT('',(0.624999999999999,-0.65,-0.05));
#3463=CARTESIAN_POINT('',(1.025,-0.65,-0.05));
#3464=CARTESIAN_POINT('',(1.025,-0.65,0.153));
#3465=CARTESIAN_POINT('',(1.075,-0.65,0.153));
#3466=CARTESIAN_POINT('',(1.075,-0.65,-0.05));
#3467=CARTESIAN_POINT('',(1.075,-0.65,-0.05));
#3468=CARTESIAN_POINT('',(1.075,-0.65,0.153));
#3469=CARTESIAN_POINT('',(-0.375,1.45,-0.05));
#3470=CARTESIAN_POINT('',(-1.075,0.875,-0.05));
#3471=CARTESIAN_POINT('',(-1.075,0.875,-0.05));
#3472=CARTESIAN_POINT('',(-0.875,0.875,-0.05));
#3473=CARTESIAN_POINT('',(-0.875,1.15,-0.05));
#3474=CARTESIAN_POINT('',(-0.875,1.15,-0.05));
#3475=CARTESIAN_POINT('',(-1.025,1.15,-0.05));
#3476=CARTESIAN_POINT('',(-1.075,1.15,-0.05));
#3477=CARTESIAN_POINT('',(-1.075,1.15,-0.05));
#3478=CARTESIAN_POINT('',(-1.075,1.45,-0.05));
#3479=CARTESIAN_POINT('',(-1.075,1.45,-0.05));
#3480=CARTESIAN_POINT('',(-0.527173905996442,1.45,-0.05));
#3481=CARTESIAN_POINT('',(-0.375,1.45,-0.05));
#3482=CARTESIAN_POINT('',(-0.375,1.29782609400356,-0.05));
#3483=CARTESIAN_POINT('',(-0.375,1.29782609400356,-0.05));
#3484=CARTESIAN_POINT('',(-0.375,0.,-0.05));
#3485=CARTESIAN_POINT('',(-1.025,0.,-0.05));
#3486=CARTESIAN_POINT('',(-1.075,-6.12323399573674E-18,-0.05));
#3487=CARTESIAN_POINT('',(-1.075,-6.12323399573674E-18,-0.05));
#3488=CARTESIAN_POINT('',(-1.075,0.3,-0.05));
#3489=CARTESIAN_POINT('',(-1.075,0.3,-0.05));
#3490=CARTESIAN_POINT('',(-0.875,0.3,-0.05));
#3491=CARTESIAN_POINT('',(-0.875,0.575,-0.05));
#3492=CARTESIAN_POINT('',(-0.875,0.575,-0.05));
#3493=CARTESIAN_POINT('',(-1.025,0.575,-0.05));
#3494=CARTESIAN_POINT('',(-1.075,0.575,-0.05));
#3495=CARTESIAN_POINT('',(-1.075,0.575,-0.05));
#3496=CARTESIAN_POINT('',(-1.025,0.875,-0.05));
#3497=CARTESIAN_POINT('',(-1.075,0.875,-0.05));
#3498=CARTESIAN_POINT('',(-1.075,0.875,0.153));
#3499=CARTESIAN_POINT('',(-1.075,0.875,0.153));
#3500=CARTESIAN_POINT('',(-0.875,0.875,-0.05));
#3501=CARTESIAN_POINT('',(-0.875,1.15,-0.05));
#3502=CARTESIAN_POINT('',(-0.875,1.15,-0.05));
#3503=CARTESIAN_POINT('',(-1.025,1.15,-0.05));
#3504=CARTESIAN_POINT('',(-1.025,1.15,0.153));
#3505=CARTESIAN_POINT('',(-1.075,1.15,0.153));
#3506=CARTESIAN_POINT('',(-1.075,1.15,-0.05));
#3507=CARTESIAN_POINT('',(-1.075,1.15,-0.05));
#3508=CARTESIAN_POINT('',(-1.075,1.15,0.153));
#3509=CARTESIAN_POINT('',(-1.075,1.45,0.153));
#3510=CARTESIAN_POINT('',(-1.075,1.45,-0.05));
#3511=CARTESIAN_POINT('',(-1.025,1.45,-0.05));
#3512=CARTESIAN_POINT('',(-1.075,1.45,0.153));
#3513=CARTESIAN_POINT('',(-0.527173905996442,1.45,-0.05));
#3514=CARTESIAN_POINT('',(-0.375,1.45,-0.05));
#3515=CARTESIAN_POINT('',(-0.375,1.29782609400356,-0.05));
#3516=CARTESIAN_POINT('',(-0.375,1.29782609400356,-0.05));
#3517=CARTESIAN_POINT('',(-0.375,0.,-0.05));
#3518=CARTESIAN_POINT('',(-1.025,0.,-0.05));
#3519=CARTESIAN_POINT('',(-1.025,0.,0.153));
#3520=CARTESIAN_POINT('',(-1.075,0.,0.153));
#3521=CARTESIAN_POINT('',(-1.075,-6.12323399573674E-18,-0.05));
#3522=CARTESIAN_POINT('',(-1.075,-6.12323399573674E-18,-0.05));
#3523=CARTESIAN_POINT('',(-1.075,0.,0.153));
#3524=CARTESIAN_POINT('',(-1.075,0.3,0.153));
#3525=CARTESIAN_POINT('',(-1.075,0.3,-0.05));
#3526=CARTESIAN_POINT('',(-1.025,0.3,-0.05));
#3527=CARTESIAN_POINT('',(-1.075,0.3,0.153));
#3528=CARTESIAN_POINT('',(-0.875,0.3,-0.05));
#3529=CARTESIAN_POINT('',(-0.875,0.575,-0.05));
#3530=CARTESIAN_POINT('',(-0.875,0.575,-0.05));
#3531=CARTESIAN_POINT('',(-1.025,0.575,-0.05));
#3532=CARTESIAN_POINT('',(-1.025,0.575,0.153));
#3533=CARTESIAN_POINT('',(-1.075,0.575,0.153));
#3534=CARTESIAN_POINT('',(-1.075,0.575,-0.05));
#3535=CARTESIAN_POINT('',(-1.075,0.575,-0.05));
#3536=CARTESIAN_POINT('',(-1.075,0.575,0.153));
#3537=CARTESIAN_POINT('',(0.,0.,-0.05));
#3538=CARTESIAN_POINT('',(0.175,1.575,-0.05));
#3539=CARTESIAN_POINT('',(0.175,1.575,-0.05));
#3540=CARTESIAN_POINT('',(0.175,0.,-0.05));
#3541=CARTESIAN_POINT('',(0.175,0.,-0.05));
#3542=CARTESIAN_POINT('',(-0.175,-2.14313189850787E-17,-0.05));
#3543=CARTESIAN_POINT('',(-0.175,-2.14313189850787E-17,-0.05));
#3544=CARTESIAN_POINT('',(-0.175,1.575,-0.05));
#3545=CARTESIAN_POINT('',(-0.175,1.575,-0.05));
#3546=CARTESIAN_POINT('',(0.175,1.525,-0.05));
#3547=CARTESIAN_POINT('',(0.175,1.575,-0.05));
#3548=CARTESIAN_POINT('',(0.175,1.575,0.153));
#3549=CARTESIAN_POINT('',(0.175,1.575,0.153));
#3550=CARTESIAN_POINT('',(0.175,0.,-0.05));
#3551=CARTESIAN_POINT('',(-0.065,7.9602041944578E-18,-0.05));
#3552=CARTESIAN_POINT('',(-0.175,-2.14313189850787E-17,-0.05));
#3553=CARTESIAN_POINT('',(-0.175,1.525,-0.05));
#3554=CARTESIAN_POINT('',(-0.175,1.525,0.153));
#3555=CARTESIAN_POINT('',(-0.175,1.575,0.153));
#3556=CARTESIAN_POINT('',(-0.175,1.575,-0.05));
#3557=CARTESIAN_POINT('',(-0.175,1.575,-0.05));
#3558=CARTESIAN_POINT('',(-0.175,1.575,0.153));
#3559=CARTESIAN_POINT('',(0.,0.,-0.05));
#3560=CARTESIAN_POINT('',(1.025,0.575,-0.05));
#3561=CARTESIAN_POINT('',(1.075,0.575,-0.05));
#3562=CARTESIAN_POINT('',(0.875,0.575,-0.05));
#3563=CARTESIAN_POINT('',(0.875,0.575,-0.05));
#3564=CARTESIAN_POINT('',(0.875,0.3,-0.05));
#3565=CARTESIAN_POINT('',(1.025,0.3,-0.05));
#3566=CARTESIAN_POINT('',(1.075,0.3,-0.05));
#3567=CARTESIAN_POINT('',(1.075,0.15,-0.05));
#3568=CARTESIAN_POINT('',(1.075,-6.12323399573674E-18,-0.05));
#3569=CARTESIAN_POINT('',(1.025,0.,-0.05));
#3570=CARTESIAN_POINT('',(0.375,0.,-0.05));
#3571=CARTESIAN_POINT('',(0.375,1.45,-0.05));
#3572=CARTESIAN_POINT('',(0.375,1.45,-0.05));
#3573=CARTESIAN_POINT('',(1.025,1.45,-0.05));
#3574=CARTESIAN_POINT('',(1.075,1.45,-0.05));
#3575=CARTESIAN_POINT('',(1.075,1.15,-0.05));
#3576=CARTESIAN_POINT('',(1.075,1.15,-0.05));
#3577=CARTESIAN_POINT('',(1.025,1.15,-0.05));
#3578=CARTESIAN_POINT('',(0.875,1.15,-0.05));
#3579=CARTESIAN_POINT('',(0.875,1.15,-0.05));
#3580=CARTESIAN_POINT('',(0.875,0.875,-0.05));
#3581=CARTESIAN_POINT('',(1.025,0.875,-0.05));
#3582=CARTESIAN_POINT('',(1.075,0.875,-0.05));
#3583=CARTESIAN_POINT('',(1.075,0.575,-0.05));
#3584=CARTESIAN_POINT('',(1.025,0.575,-0.05));
#3585=CARTESIAN_POINT('',(1.075,0.575,-0.05));
#3586=CARTESIAN_POINT('',(1.075,0.575,0.153));
#3587=CARTESIAN_POINT('',(1.075,0.575,0.153));
#3588=CARTESIAN_POINT('',(0.875,0.575,-0.05));
#3589=CARTESIAN_POINT('',(0.875,0.575,-0.05));
#3590=CARTESIAN_POINT('',(0.875,0.3,-0.05));
#3591=CARTESIAN_POINT('',(1.075,0.3,-0.05));
#3592=CARTESIAN_POINT('',(1.025,0.3,0.153));
#3593=CARTESIAN_POINT('',(1.075,0.3,0.153));
#3594=CARTESIAN_POINT('',(1.075,0.3,-0.05));
#3595=CARTESIAN_POINT('',(1.075,-6.12323399573674E-18,-0.05));
#3596=CARTESIAN_POINT('',(1.075,0.3,0.153));
#3597=CARTESIAN_POINT('',(1.075,0.,0.153));
#3598=CARTESIAN_POINT('',(1.075,-6.12323399573674E-18,-0.05));
#3599=CARTESIAN_POINT('',(1.025,0.,-0.05));
#3600=CARTESIAN_POINT('',(1.075,0.,0.153));
#3601=CARTESIAN_POINT('',(0.375,0.,-0.05));
#3602=CARTESIAN_POINT('',(0.375,1.45,-0.05));
#3603=CARTESIAN_POINT('',(0.375,1.45,-0.05));
#3604=CARTESIAN_POINT('',(1.075,1.45,-0.05));
#3605=CARTESIAN_POINT('',(1.025,1.45,0.153));
#3606=CARTESIAN_POINT('',(1.075,1.45,0.153));
#3607=CARTESIAN_POINT('',(1.075,1.45,-0.05));
#3608=CARTESIAN_POINT('',(1.075,1.15,-0.05));
#3609=CARTESIAN_POINT('',(1.075,1.45,0.153));
#3610=CARTESIAN_POINT('',(1.075,1.15,0.153));
#3611=CARTESIAN_POINT('',(1.075,1.15,-0.05));
#3612=CARTESIAN_POINT('',(1.025,1.15,-0.05));
#3613=CARTESIAN_POINT('',(1.075,1.15,0.153));
#3614=CARTESIAN_POINT('',(0.875,1.15,-0.05));
#3615=CARTESIAN_POINT('',(0.875,1.15,-0.05));
#3616=CARTESIAN_POINT('',(0.875,0.875,-0.05));
#3617=CARTESIAN_POINT('',(1.075,0.875,-0.05));
#3618=CARTESIAN_POINT('',(1.025,0.875,0.153));
#3619=CARTESIAN_POINT('',(1.075,0.875,0.153));
#3620=CARTESIAN_POINT('',(1.075,0.875,-0.05));
#3621=CARTESIAN_POINT('',(1.075,0.575,-0.05));
#3622=CARTESIAN_POINT('',(1.075,0.875,0.153));
#3623=CARTESIAN_POINT('',(0.,0.,-0.05));
#3624=CARTESIAN_POINT('',(1.075,-0.45,-0.05));
#3625=CARTESIAN_POINT('',(1.075,-0.45,-0.05));
#3626=CARTESIAN_POINT('',(0.625,-0.45,-0.05));
#3627=CARTESIAN_POINT('',(0.625,-0.45,-0.05));
#3628=CARTESIAN_POINT('',(0.625,-0.2,-0.05));
#3629=CARTESIAN_POINT('',(0.625,-0.2,-0.05));
#3630=CARTESIAN_POINT('',(1.075,-0.2,-0.05));
#3631=CARTESIAN_POINT('',(1.075,-0.2,-0.05));
#3632=CARTESIAN_POINT('',(1.025,-0.45,-0.05));
#3633=CARTESIAN_POINT('',(1.075,-0.45,-0.05));
#3634=CARTESIAN_POINT('',(1.075,-0.45,0.153));
#3635=CARTESIAN_POINT('',(1.075,-0.45,0.153));
#3636=CARTESIAN_POINT('',(0.625,-0.45,-0.05));
#3637=CARTESIAN_POINT('',(0.625,-0.45,-0.05));
#3638=CARTESIAN_POINT('',(0.625,-0.2,-0.05));
#3639=CARTESIAN_POINT('',(1.025,-0.2,-0.05));
#3640=CARTESIAN_POINT('',(1.025,-0.2,0.153));
#3641=CARTESIAN_POINT('',(1.075,-0.2,0.153));
#3642=CARTESIAN_POINT('',(1.075,-0.2,-0.05));
#3643=CARTESIAN_POINT('',(1.075,-0.2,-0.05));
#3644=CARTESIAN_POINT('',(1.075,-0.2,0.153));
#3645=CARTESIAN_POINT('',(0.,0.,-0.05));
#3646=CARTESIAN_POINT('',(1.075,-1.1,-0.05));
#3647=CARTESIAN_POINT('',(1.075,-1.1,-0.05));
#3648=CARTESIAN_POINT('',(1.075,-1.35,-0.05));
#3649=CARTESIAN_POINT('',(1.025,-1.35,-0.05));
#3650=CARTESIAN_POINT('',(0.624999999999999,-1.35,-0.05));
#3651=CARTESIAN_POINT('',(0.624999999999999,-1.35,-0.05));
#3652=CARTESIAN_POINT('',(0.624999999999999,-1.1,-0.05));
#3653=CARTESIAN_POINT('',(0.624999999999999,-1.1,-0.05));
#3654=CARTESIAN_POINT('',(1.025,-1.35,-0.05));
#3655=CARTESIAN_POINT('',(1.075,-1.35,-0.05));
#3656=CARTESIAN_POINT('',(1.075,-1.35,0.153));
#3657=CARTESIAN_POINT('',(1.075,-1.35,0.153));
#3658=CARTESIAN_POINT('',(0.624999999999999,-1.35,-0.05));
#3659=CARTESIAN_POINT('',(0.624999999999999,-1.35,-0.05));
#3660=CARTESIAN_POINT('',(0.624999999999999,-1.1,-0.05));
#3661=CARTESIAN_POINT('',(1.025,-1.1,-0.05));
#3662=CARTESIAN_POINT('',(1.025,-1.1,0.153));
#3663=CARTESIAN_POINT('',(1.075,-1.1,0.153));
#3664=CARTESIAN_POINT('',(1.075,-1.1,-0.05));
#3665=CARTESIAN_POINT('',(1.075,-1.225,-0.05));
#3666=CARTESIAN_POINT('',(1.075,-1.1,0.153));
#3667=CARTESIAN_POINT('',(0.,0.,-0.05));
#3668=CARTESIAN_POINT('',(-0.625,-0.45,-0.05));
#3669=CARTESIAN_POINT('',(-0.625,-0.45,-0.05));
#3670=CARTESIAN_POINT('',(-0.625,-0.2,-0.05));
#3671=CARTESIAN_POINT('',(-1.075,-0.45,-0.05));
#3672=CARTESIAN_POINT('',(-1.075,-0.45,-0.05));
#3673=CARTESIAN_POINT('',(-1.075,-0.2,-0.05));
#3674=CARTESIAN_POINT('',(-1.075,-0.2,-0.05));
#3675=CARTESIAN_POINT('',(-0.625,-0.2,-0.05));
#3676=CARTESIAN_POINT('',(-0.625,-0.45,-0.05));
#3677=CARTESIAN_POINT('',(-0.625,-0.45,-0.05));
#3678=CARTESIAN_POINT('',(-0.625,-0.2,-0.05));
#3679=CARTESIAN_POINT('',(-1.025,-0.2,-0.05));
#3680=CARTESIAN_POINT('',(-1.075,-0.2,-0.05));
#3681=CARTESIAN_POINT('',(-1.075,-0.2,0.153));
#3682=CARTESIAN_POINT('',(-1.025,-0.2,0.153));
#3683=CARTESIAN_POINT('',(-1.075,-0.2,-0.05));
#3684=CARTESIAN_POINT('',(-1.075,-0.45,-0.05));
#3685=CARTESIAN_POINT('',(-1.075,-0.45,0.153));
#3686=CARTESIAN_POINT('',(-1.075,-0.2,0.153));
#3687=CARTESIAN_POINT('',(-1.025,-0.45,-0.05));
#3688=CARTESIAN_POINT('',(-1.075,-0.45,0.153));
#3689=CARTESIAN_POINT('',(0.,0.,-0.05));
#3690=CARTESIAN_POINT('',(-0.624999999999999,-0.65,-0.05));
#3691=CARTESIAN_POINT('',(-0.624999999999999,-0.65,-0.05));
#3692=CARTESIAN_POINT('',(-1.075,-0.65,-0.05));
#3693=CARTESIAN_POINT('',(-0.624999999999999,-0.9,-0.05));
#3694=CARTESIAN_POINT('',(-0.624999999999999,-0.9,-0.05));
#3695=CARTESIAN_POINT('',(-1.075,-0.9,-0.05));
#3696=CARTESIAN_POINT('',(-1.075,-0.9,-0.05));
#3697=CARTESIAN_POINT('',(-1.075,-0.65,-0.05));
#3698=CARTESIAN_POINT('',(-1.025,-0.65,-0.05));
#3699=CARTESIAN_POINT('',(-0.624999999999999,-0.65,-0.05));
#3700=CARTESIAN_POINT('',(-1.075,-0.65,-0.05));
#3701=CARTESIAN_POINT('',(-1.075,-0.65,0.153));
#3702=CARTESIAN_POINT('',(-1.025,-0.65,0.153));
#3703=CARTESIAN_POINT('',(-1.075,-0.775,-0.05));
#3704=CARTESIAN_POINT('',(-1.075,-0.9,-0.05));
#3705=CARTESIAN_POINT('',(-1.075,-0.9,0.153));
#3706=CARTESIAN_POINT('',(-1.075,-0.65,0.153));
#3707=CARTESIAN_POINT('',(-1.025,-0.9,-0.05));
#3708=CARTESIAN_POINT('',(-1.075,-0.9,0.153));
#3709=CARTESIAN_POINT('',(-0.624999999999999,-0.9,-0.05));
#3710=CARTESIAN_POINT('',(-0.624999999999999,-0.9,-0.05));
#3711=CARTESIAN_POINT('',(0.,0.,-0.05));
#3712=CARTESIAN_POINT('',(-0.624999999999999,-1.1,-0.05));
#3713=CARTESIAN_POINT('',(-0.624999999999999,-1.1,-0.05));
#3714=CARTESIAN_POINT('',(-1.075,-1.1,-0.05));
#3715=CARTESIAN_POINT('',(-0.624999999999999,-1.35,-0.05));
#3716=CARTESIAN_POINT('',(-0.624999999999999,-1.35,-0.05));
#3717=CARTESIAN_POINT('',(-1.075,-1.35,-0.05));
#3718=CARTESIAN_POINT('',(-1.075,-1.35,-0.05));
#3719=CARTESIAN_POINT('',(-1.075,-1.1,-0.05));
#3720=CARTESIAN_POINT('',(-1.025,-1.1,-0.05));
#3721=CARTESIAN_POINT('',(-0.624999999999999,-1.1,-0.05));
#3722=CARTESIAN_POINT('',(-1.075,-1.1,-0.05));
#3723=CARTESIAN_POINT('',(-1.075,-1.1,0.153));
#3724=CARTESIAN_POINT('',(-1.025,-1.1,0.153));
#3725=CARTESIAN_POINT('',(-1.075,-1.225,-0.05));
#3726=CARTESIAN_POINT('',(-1.075,-1.35,-0.05));
#3727=CARTESIAN_POINT('',(-1.075,-1.35,0.153));
#3728=CARTESIAN_POINT('',(-1.075,-1.1,0.153));
#3729=CARTESIAN_POINT('',(-1.025,-1.35,-0.05));
#3730=CARTESIAN_POINT('',(-1.075,-1.35,0.153));
#3731=CARTESIAN_POINT('',(-0.624999999999999,-1.35,-0.05));
#3732=CARTESIAN_POINT('',(-0.624999999999999,-1.35,-0.05));
#3733=CARTESIAN_POINT('',(0.,0.,0.153));
#3734=CARTESIAN_POINT('',(0.,0.,0.153));
#3735=CARTESIAN_POINT('',(0.,0.,0.153));
#3736=CARTESIAN_POINT('',(0.,0.,0.153));
#3737=CARTESIAN_POINT('',(0.,0.,0.153));
#3738=CARTESIAN_POINT('',(0.,0.,0.153));
#3739=CARTESIAN_POINT('',(0.,0.,0.153));
#3740=CARTESIAN_POINT('',(0.,0.,0.153));
#3741=CARTESIAN_POINT('',(0.,0.,0.153));
#3742=CARTESIAN_POINT('',(0.,0.,0.153));
#3743=CARTESIAN_POINT('',(0.,0.,0.153));
#3744=CARTESIAN_POINT('',(0.,0.,0.153));
#3745=CARTESIAN_POINT('',(0.,0.,0.153));
#3746=CARTESIAN_POINT('',(-0.975,-1.475,0.85));
#3747=CARTESIAN_POINT('',(-0.975,-1.475,0.8));
#3748=CARTESIAN_POINT('',(-0.975,-1.475,0.8));
#3749=CARTESIAN_POINT('',(-0.975,-1.475,0.8));
#3750=CARTESIAN_POINT('',(-0.975,-1.475,0.8));
#3751=CARTESIAN_POINT('',(0.975,-1.475,0.85));
#3752=CARTESIAN_POINT('',(0.975,-1.475,0.8));
#3753=CARTESIAN_POINT('',(0.,-1.475,0.8));
#3754=CARTESIAN_POINT('',(0.975,-1.475,0.8));
#3755=CARTESIAN_POINT('',(-0.975,0.,0.8));
#3756=CARTESIAN_POINT('',(-0.975,1.475,0.8));
#3757=CARTESIAN_POINT('',(-0.975,1.475,0.85));
#3758=CARTESIAN_POINT('',(-0.975,1.475,0.8));
#3759=CARTESIAN_POINT('',(0.975,-1.475,0.8));
#3760=CARTESIAN_POINT('',(0.975,-1.475,0.8));
#3761=CARTESIAN_POINT('',(-0.975,1.475,0.8));
#3762=CARTESIAN_POINT('',(-0.975,1.475,0.8));
#3763=CARTESIAN_POINT('',(0.975,0.,0.8));
#3764=CARTESIAN_POINT('',(0.975,1.475,0.8));
#3765=CARTESIAN_POINT('',(0.,1.475,0.8));
#3766=CARTESIAN_POINT('',(0.975,1.475,0.8));
#3767=CARTESIAN_POINT('',(0.975,1.475,0.8));
#3768=CARTESIAN_POINT('',(0.975,1.475,0.8));
#3769=CARTESIAN_POINT('',(0.975,1.475,0.85));
#3770=MECHANICAL_DESIGN_GEOMETRIC_PRESENTATION_REPRESENTATION('',(#1836,
#1837,#1838,#1839,#1840,#1841,#1842,#1843,#1844,#1845,#1846,#1847,#1848,
#1849,#1850,#1851,#1852,#1853,#1854,#1855,#1856,#1857,#1858,#1859,#1860,
#1861,#1862,#1863,#1864,#1865,#1866,#1867,#1868,#1869,#1870,#1871,#1872,
#1873,#1874,#1875,#1876,#1877,#1878,#1879,#1880,#1881,#1882,#1883,#1884,
#1885,#1886,#1887,#1888,#1889,#1890,#1891,#1892,#1893,#1894,#1895,#1896,
#1897,#1898,#1899,#1900,#1901,#1902,#1903,#1904,#1905,#1906,#1907,#1908,
#1909,#1910,#1911,#1912,#1913,#1914,#1915,#1916,#1917,#1918,#1919,#1920,
#1921,#1922,#1923,#1924,#1925,#1926,#1927,#1928,#1929,#1930,#1931,#1932),
#3771);
#3771=(
GEOMETRIC_REPRESENTATION_CONTEXT(3)
GLOBAL_UNCERTAINTY_ASSIGNED_CONTEXT((#3772))
GLOBAL_UNIT_ASSIGNED_CONTEXT((#3775,#3774,#3773))
REPRESENTATION_CONTEXT('AP63357DV-7','TOP_LEVEL_ASSEMBLY_PART')
);
#3772=UNCERTAINTY_MEASURE_WITH_UNIT(LENGTH_MEASURE(0.005),#3775,
'DISTANCE_ACCURACY_VALUE','Maximum Tolerance applied to model');
#3773=(
NAMED_UNIT(*)
SI_UNIT($,.STERADIAN.)
SOLID_ANGLE_UNIT()
);
#3774=(
NAMED_UNIT(*)
PLANE_ANGLE_UNIT()
SI_UNIT($,.RADIAN.)
);
#3775=(
LENGTH_UNIT()
NAMED_UNIT(*)
SI_UNIT(.MILLI.,.METRE.)
);
#3776=PRODUCT_DEFINITION_SHAPE('','',#3777);
#3777=PRODUCT_DEFINITION('','',#3779,#3778);
#3778=PRODUCT_DEFINITION_CONTEXT('',#3785,'design');
#3779=PRODUCT_DEFINITION_FORMATION_WITH_SPECIFIED_SOURCE('','',#3781,
 .NOT_KNOWN.);
#3780=PRODUCT_RELATED_PRODUCT_CATEGORY('','',(#3781));
#3781=PRODUCT('AP63357DV-7','AP63357DV-7','AP63357DV-7',(#3783));
#3782=PRODUCT_CATEGORY('','');
#3783=PRODUCT_CONTEXT('',#3785,'mechanical');
#3784=APPLICATION_PROTOCOL_DEFINITION('international standard',
'automotive_design',2010,#3785);
#3785=APPLICATION_CONTEXT(
'core data for automotive mechanical design processes');
ENDSEC;
END-ISO-10303-21;
